1.2,12.7,0
1.15,12.67,0
1.22,12.74,0
1.17,12.78,0
1.28,12.68,0
1.11,13.03,0
1.27,12.62,0
1.1,12.91,0
1.26,12.95,0
1.32,12.69,0
1.26,12.67,0
1.32,12.76,0
1.04,13.17,0
1.29,12.8,0
1.2,12.71,0
1.07,12.84,0
1.24,12.69,0
1.37,12.62,0
1.5,13.07,0
1.31,12.83,0
1.32,12.8,0
1.17,12.93,0
1.27,12.62,0
1.33,13.07,0
0.94,12.07,0
3.33,15.99,0
3.72,10.31,0
5.2,13.58,0
5.11,4.64,0
0.68,5.49,0
-1.46,8.51,0
1.33,4.46,0
3.0,6.12,0
1.54,6.66,0
2.16,7.37,0
2.37,6.62,0
2.06,8.79,0
1.78,8.01,0
1.88,8.36,0
1.38,7.69,0
2.06,7.61,0
1.82,8.46,0
1.58,8.11,0
1.59,8.46,0
1.74,8.57,0
1.48,8.67,0
1.5,7.33,0
1.81,7.9,0
1.83,8.29,0
2.05,7.77,0
2.54,8.44,0
2.44,8.51,0
2.7,9.17,0
3.48,9.38,0
2.02,6.3,0
3.15,5.98,0
2.93,5.85,0
4.8,9.04,0
4.45,9.25,0
4.79,9.0,0
5.09,9.45,0
5.25,10.05,0
4.35,8.77,0
3.52,9.61,0
3.16,7.06,0
2.53,7.92,0
2.08,7.73,0
1.76,7.58,0
0.89,6.4,0
1.89,6.46,0
1.39,8.3,0
1.81,8.23,0
1.53,7.82,0
1.93,8.46,0
2.7,8.66,0
2.79,8.5,0
3.08,8.38,0
3.0,9.46,0
3.45,8.88,0
3.66,9.64,0
3.77,8.84,0
3.61,9.48,0
3.4,8.91,0
3.03,9.05,0
3.1,9.28,0
3.41,8.68,0
3.11,8.84,0
2.58,8.42,0
2.62,8.73,0
2.81,8.82,0
3.07,8.74,0
2.17,7.47,0
3.37,8.07,0
2.59,8.47,0
0.78,7.83,0
0.5,8.97,0
-0.54,2.53,0
-0.08,8.66,0
0.0,5.69,0
1.5,6.68,0
1.68,6.89,0
-0.1,7.26,0
0.99,8.24,0
1.01,8.22,0
1.37,8.48,0
0.44,7.45,0
0.8,8.51,0
1.92,9.97,0
0.63,8.82,0
1.49,8.18,0
1.01,8.97,0
1.45,10.01,0
2.05,9.22,0
1.29,9.08,0
1.33,9.24,0
1.07,9.37,0
1.57,9.73,0
1.14,8.75,0
1.38,9.33,0
1.26,9.53,0
1.08,9.24,0
1.29,9.67,0
1.06,9.24,0
0.93,9.35,0
1.02,9.81,0
1.12,9.13,0
0.96,9.89,0
1.2,9.97,0
0.9,9.34,0
1.1,9.12,0
0.78,9.7,0
0.56,10.59,0
0.82,10.14,0
0.3,8.9,0
0.55,10.08,0
0.79,10.34,0
0.99,10.71,0
0.85,10.5,0
1.14,11.18,0
1.14,10.93,0
0.98,10.23,0
0.91,10.56,0
1.24,9.79,0
0.75,10.34,0
0.64,10.44,0
1.33,10.25,0
0.94,8.79,0
3.61,4.99,0
-0.75,8.24,0
-0.21,8.14,0
-0.2,7.51,0
0.35,8.19,0
0.07,6.99,0
-0.47,7.5,0
0.03,7.29,0
-1.23,5.7,0
-0.88,6.14,0
0.48,6.63,0
-0.57,6.17,0
-0.67,6.61,0
-0.2,6.45,0
-0.69,5.91,0
-1.12,6.96,0
-0.92,5.21,0
-0.99,3.37,0
-0.3,4.73,0
-1.36,4.94,0
-1.11,4.98,0
0.24,4.93,0
-0.5,3.91,0
-1.01,3.23,0
-0.09,4.94,0
0.57,4.94,0
-1.18,2.27,0
-0.82,4.06,0
-1.43,4.41,0
0.1,4.84,0
-0.5,4.01,0
0.52,4.05,0
0.04,2.64,0
-1.55,4.3,0
-0.2,5.94,0
-1.74,2.74,0
-0.35,6.65,0
-1.01,4.27,0
1.18,3.27,0
1.22,3.45,0
-0.08,6.14,0
0.7,3.56,0
0.74,4.76,0
1.1,5.65,0
1.25,5.94,0
0.54,4.85,0
-0.71,4.59,0
-0.2,4.65,0
0.4,4.92,0
-0.11,4.19,0
0.49,4.69,0
-0.04,3.83,0
-0.03,4.02,0
0.39,4.1,0
-0.09,3.53,0
0.16,4.11,0
0.31,5.07,0
-0.19,4.27,0
-0.12,3.53,0
0.01,4.45,0
0.06,4.46,0
-0.14,4.24,0
0.1,3.74,0
-0.13,3.84,0
-0.04,4.13,0
-0.16,4.13,0
-0.16,4.02,0
-0.55,4.0,0
-0.48,3.84,0
-0.69,2.78,0
-0.49,4.1,0
-0.48,4.09,0
-0.42,3.23,0
-0.79,3.5,0
-0.13,4.9,0
-1.16,4.16,0
-0.2,4.98,0
-0.23,5.22,0
-0.57,4.77,0
-0.33,5.46,0
-0.84,5.41,0
-0.97,4.55,0
-2.75,5.23,0
-1.06,1.77,0
-2.17,4.68,0
-1.73,4.43,0
0.26,6.79,0
0.28,7.6,0
0.24,6.09,0
0.07,5.57,0
-0.43,4.82,0
0.39,4.61,0
0.4,3.56,0
0.9,5.65,0
1.06,3.4,0
0.1,4.23,0
1.54,4.43,0
0.87,4.02,0
0.97,4.59,0
0.7,4.49,0
0.49,4.79,0
0.7,4.71,0
0.93,4.77,0
0.66,5.12,0
0.63,5.43,0
0.76,5.33,0
0.51,5.47,0
0.16,5.17,0
0.26,4.9,0
0.73,4.49,0
0.13,4.5,0
0.47,4.63,0
0.36,4.5,0
0.12,4.48,0
0.17,4.26,0
0.21,4.36,0
0.2,4.26,0
0.18,4.51,0
0.13,4.53,0
0.19,3.84,0
0.4,4.65,0
0.22,4.03,0
0.26,4.47,0
0.4,4.69,0
0.31,4.88,0
0.7,4.46,0
0.27,4.34,0
0.12,4.12,0
0.71,4.57,0
0.26,4.1,0
0.39,4.36,0
0.17,3.7,0
0.54,4.1,0
0.22,4.04,0
-0.59,2.99,0
0.06,4.35,0
-0.17,3.61,0
-0.27,3.9,0
-0.19,2.77,0
-0.2,3.78,0
0.01,3.07,0
0.38,3.57,0
1.05,3.05,0
1.49,3.49,0
2.16,2.87,0
2.05,2.21,0
2.86,3.69,0
2.56,1.92,0
3.64,3.37,0
3.32,2.57,0
3.2,3.19,0
2.28,1.97,0
1.32,3.48,0
2.25,4.17,0
0.81,3.14,0
0.36,3.86,0
0.17,3.91,0
0.11,4.38,0
0.24,5.29,0
0.3,4.68,0
0.1,3.95,0
0.63,4.66,0
0.92,4.83,0
1.1,4.93,0
1.43,4.65,0
1.66,5.64,0
1.73,5.07,0
1.91,6.11,0
2.16,5.05,0
2.8,5.08,0
3.04,5.45,0
3.37,4.38,0
3.64,5.14,0
3.74,4.21,0
3.75,5.25,0
2.59,4.97,0
2.33,5.65,0
2.55,5.19,0
1.11,5.31,0
0.78,5.39,0
-0.13,4.43,0
-0.43,4.36,0
-0.37,3.76,0
-0.95,3.5,0
-2.02,2.65,0
-1.37,4.59,0
-1.74,3.51,0
-0.24,4.82,0
0.51,4.31,0
1.09,4.75,0
0.96,4.68,0
1.42,4.62,0
1.63,4.08,0
2.34,5.37,0
2.17,5.9,0
2.48,4.6,0
2.86,6.83,0
2.12,4.3,0
2.1,4.8,0
1.78,4.28,0
2.67,5.81,0
0.89,4.85,0
1.19,5.17,0
0.94,4.96,0
0.49,5.42,0
0.57,6.32,0
0.78,5.86,0
0.32,4.7,0
0.93,5.63,0
1.14,5.44,0
1.62,5.8,0
1.21,4.71,0
1.04,4.97,0
1.5,5.24,0
1.27,5.53,0
1.8,5.05,0
1.66,4.86,0
2.38,5.6,0
1.82,5.82,0
1.66,5.54,0
1.62,5.2,0
1.1,5.12,0
1.41,5.03,0
1.42,4.73,0
0.7,5.24,0
0.78,4.75,0
1.28,5.41,0
0.82,4.73,0
1.31,4.87,0
1.41,4.97,0
1.05,5.36,0
1.4,5.83,0
1.11,4.22,0
0.64,4.49,0
0.47,5.04,0
1.3,4.97,0
0.64,4.51,0
0.81,4.87,0
1.41,5.41,0
0.4,4.55,0
1.49,5.19,0
1.14,5.14,0
0.61,5.63,0
1.34,4.23,0
0.59,4.14,0
1.03,4.4,0
0.66,4.64,0
1.09,5.68,0
1.06,4.9,0
0.81,5.4,0
0.88,5.02,0
0.37,5.08,0
1.18,5.24,0
0.21,4.88,0
1.08,5.32,0
0.68,5.11,0
0.72,5.92,0
0.59,5.51,0
0.63,5.36,0
1.04,5.28,0
0.65,5.25,0
0.91,4.62,0
0.92,5.61,0
0.64,5.29,0
1.22,5.5,0
0.62,5.34,0
0.84,5.23,0
0.99,5.24,0
0.98,5.36,0
0.89,5.31,0
1.01,5.49,0
1.02,5.21,0
0.65,4.94,0
1.11,4.82,0
0.89,5.0,0
0.9,5.45,0
0.67,5.36,0
1.22,4.8,0
0.98,5.57,0
1.28,5.36,0
1.1,5.28,0
0.97,5.04,0
0.77,5.03,0
1.03,5.35,0
1.11,5.34,0
1.04,5.55,0
1.16,5.26,0
0.95,5.55,0
1.16,4.84,0
0.95,5.0,0
1.33,5.21,0
1.21,5.37,0
1.18,5.15,0
1.44,5.49,0
0.84,4.56,0
1.07,5.21,0
1.14,4.23,0
1.03,5.35,0
1.06,4.51,0
1.09,5.28,0
1.13,5.49,0
1.52,5.96,0
0.98,5.44,0
1.06,5.26,0
1.14,4.76,0
0.86,6.04,0
1.24,4.96,0
0.94,4.92,0
0.27,3.52,0
-0.57,2.58,0
-0.86,2.19,0
-0.07,2.89,0
0.6,4.1,0
0.12,1.97,0
-2.37,-1.34,0
-1.09,2.04,0
0.04,2.61,0
-0.21,3.67,0
0.17,3.83,0
0.94,5.2,0
0.82,3.67,0
0.8,4.32,0
0.45,3.84,0
0.63,4.0,0
0.59,4.24,0
0.7,4.52,0
0.32,3.72,0
0.71,4.81,0
0.63,3.88,0
1.01,4.62,0
1.07,4.16,0
1.14,4.57,0
1.45,4.56,0
1.55,5.13,0
1.8,4.98,0
1.56,5.29,0
2.22,4.47,0
1.27,4.89,0
2.51,4.58,0
1.97,5.21,0
2.03,5.14,0
2.16,4.6,0
1.72,5.1,0
1.79,4.88,0
1.98,4.92,0
1.92,4.99,0
1.9,4.98,0
1.94,5.49,0
2.2,5.14,0
2.08,5.38,0
1.66,4.95,0
2.44,5.2,0
1.78,5.36,0
1.91,5.37,0
2.26,5.82,0
2.11,5.67,0
1.96,5.79,0
1.83,5.54,0
1.9,6.26,0
1.88,5.56,0
1.73,5.92,0
2.25,6.14,0
2.63,5.39,0
2.36,6.75,0
2.13,5.4,0
2.07,6.16,0
1.96,5.58,0
1.86,5.73,0
1.6,5.39,0
1.88,5.72,0
2.04,5.53,0
1.98,5.51,0
2.0,5.55,0
1.68,5.54,0
1.82,5.42,0
1.57,5.14,0
1.84,5.4,0
1.53,5.24,0
1.71,5.39,0
1.57,4.89,0
1.97,5.64,0
1.89,5.99,0
1.87,5.95,0
2.19,5.64,0
1.83,5.68,0
1.86,5.23,0
2.04,5.87,0
1.82,5.87,0
1.73,5.78,0
1.68,5.49,0
1.26,6.0,0
2.0,5.88,0
1.59,5.64,0
1.73,5.39,0
1.47,6.12,0
2.2,5.84,0
1.51,5.75,0
1.63,5.64,0
1.58,5.44,0
1.54,5.59,0
1.71,5.71,0
1.48,5.94,0
1.49,5.92,0
1.42,5.51,0
1.5,6.0,0
1.9,5.5,0
0.8,5.65,0
1.39,6.17,0
0.9,5.59,0
1.13,5.95,0
1.17,6.42,0
0.29,6.28,0
0.7,5.31,0
0.36,5.46,0
0.45,5.92,0
0.43,5.46,0
0.46,5.99,0
0.41,5.35,0
0.36,5.34,0
0.13,5.44,0
0.09,5.45,0
0.37,6.07,0
0.01,5.73,0
0.39,5.57,0
0.54,5.84,0
0.16,5.19,0
0.43,5.94,0
0.67,5.44,0
0.66,5.79,0
0.52,5.29,0
0.98,6.08,0
0.7,6.29,0
0.71,6.27,0
0.49,5.43,0
0.59,6.1,0
1.06,6.23,0
1.26,6.11,0
1.64,6.15,0
1.85,5.87,0
2.24,7.66,0
1.15,5.42,0
0.97,5.96,0
0.53,4.86,0
0.21,6.2,0
0.49,5.35,0
0.55,6.31,0
0.58,6.39,0
0.76,6.64,0
0.89,6.54,0
0.96,6.86,0
0.99,7.31,0
0.92,5.98,0
1.0,6.91,0
2.3,7.76,0
1.73,6.03,0
1.7,4.21,0
3.29,5.83,0
0.74,3.82,0
1.2,5.0,0
0.69,4.09,0
0.61,4.49,0
0.62,5.12,0
0.48,5.01,0
1.12,4.51,0
1.74,4.82,0
1.41,4.21,0
1.09,4.9,0
0.6,4.53,0
0.1,4.6,0
0.04,4.63,0
-0.39,3.56,0
0.53,4.79,0
-0.26,4.32,0
0.19,4.22,0
-0.2,4.54,0
0.82,5.39,0
0.01,4.82,0
0.19,5.24,0
1.42,5.75,0
1.25,5.76,0
0.84,5.6,0
1.7,5.74,0
1.43,6.3,0
1.14,4.84,0
1.26,5.89,0
1.19,4.88,0
-0.38,4.68,0
1.2,6.32,0
0.86,4.37,0
0.27,5.01,0
-0.01,4.9,0
0.43,4.36,0
0.18,5.24,0
0.73,4.75,0
0.0,4.54,0
0.97,5.15,0
0.52,4.85,0
0.68,5.13,0
0.07,4.89,0
1.04,5.36,0
0.9,4.45,0
0.41,4.54,0
0.76,4.59,0
-0.03,3.9,0
0.78,4.93,0
0.52,4.22,0
0.69,4.19,0
0.57,4.41,0
1.06,4.75,0
-0.36,3.68,0
0.84,4.23,0
0.43,3.8,0
0.19,3.72,0
0.36,3.83,0
0.52,3.6,0
0.01,3.34,0
0.33,3.84,0
0.94,3.49,0
0.81,4.03,0
0.39,3.61,0
0.91,4.84,0
0.58,3.6,0
0.26,3.83,0
0.45,4.41,0
0.4,4.82,0
0.98,4.55,0
0.56,4.42,0
0.94,4.74,0
-0.54,2.62,0
-0.47,3.07,0
0.26,4.73,0
0.99,4.88,0
-0.04,4.56,0
0.49,5.03,0
1.11,5.74,0
0.39,4.81,0
0.21,4.76,0
0.28,4.83,0
-0.16,4.72,0
-0.59,5.08,0
0.57,5.31,0
-0.46,5.06,0
0.38,5.41,0
0.51,4.83,0
0.85,5.33,0
-1.09,5.31,0
0.73,5.36,0
0.19,5.52,0
1.08,5.07,0
0.19,4.76,0
0.43,4.31,0
0.14,4.45,0
1.66,4.96,0
0.66,4.07,0
0.53,4.64,0
0.4,4.02,0
0.17,4.64,0
0.59,4.17,0
-0.46,3.78,0
0.62,4.4,0
0.17,3.91,0
-0.04,4.75,0
-0.46,3.7,0
0.27,4.88,0
0.59,4.73,0
-0.03,4.32,0
-0.52,3.95,0
0.16,4.99,0
0.22,3.51,0
-0.78,4.69,0
0.18,6.06,0
-0.03,4.89,0
0.71,4.77,0
0.06,4.59,0
0.07,5.11,0
0.26,4.84,0
0.96,4.55,0
-0.01,4.26,0
-0.47,5.16,0
0.84,4.23,0
-0.07,5.07,0
0.3,4.92,0
0.44,5.61,0
0.09,4.69,0
-0.24,3.92,0
0.57,5.73,0
0.93,5.43,0
1.58,5.64,0
2.38,5.24,0
2.88,7.09,0
4.27,5.21,0
4.67,6.14,0
5.17,6.31,0
4.27,4.77,0
4.4,6.22,0
4.25,6.84,0
4.06,7.2,0
4.46,7.87,0
3.5,8.45,0
3.48,8.25,0
3.46,8.62,0
3.26,8.24,0
2.77,8.72,0
3.14,8.94,0
3.21,8.84,0
2.45,8.77,0
2.15,8.05,0
2.44,8.81,0
2.34,8.55,0
0.86,9.27,0
1.78,8.42,0
1.88,8.98,0
2.01,9.09,0
1.98,8.94,0
1.94,8.75,0
2.05,9.26,0
2.12,8.93,0
1.77,9.05,0
1.7,10.34,0
1.89,9.65,0
1.73,9.36,0
1.7,9.28,0
1.22,9.64,0
1.31,9.6,0
1.26,10.26,0
1.78,9.72,0
1.42,10.0,0
1.3,9.99,0
0.92,10.0,0
1.08,9.54,0
1.49,9.81,0
1.41,10.14,0
1.27,9.81,0
1.36,9.96,0
1.22,10.46,0
0.64,8.06,0
0.36,10.54,0
0.83,8.93,0
0.2,9.82,0
0.56,9.02,0
0.43,9.33,0
0.52,9.33,0
0.69,9.72,0
1.17,9.94,0
1.09,9.55,0
1.0,9.99,0
0.92,9.6,0
1.09,10.02,0
0.81,9.81,0
1.07,9.44,0
0.64,10.11,0
0.72,9.88,0
0.74,9.8,0
0.76,9.84,0
1.18,9.51,0
1.49,9.66,0
1.38,9.74,0
1.13,9.48,0
1.22,9.26,0
1.3,8.92,0
1.41,9.23,0
1.27,9.46,0
1.24,9.13,0
1.34,8.86,0
1.21,8.78,0
1.07,8.98,0
1.38,9.29,0
1.23,8.93,0
1.14,9.06,0
1.41,8.5,0
2.01,8.8,0
1.71,9.24,0
1.74,9.0,0
1.94,9.13,0
2.13,8.58,0
1.66,8.66,0
1.61,8.24,0
0.38,5.89,0
0.91,7.19,0
0.8,6.45,0
1.3,6.24,0
1.98,7.55,0
1.89,7.62,0
1.95,7.98,0
1.94,7.18,0
1.9,7.62,0
1.65,7.7,0
1.92,7.72,0
2.0,7.76,0
1.7,7.85,0
2.08,7.71,0
1.92,7.82,0
1.69,7.65,0
1.47,7.87,0
1.69,7.81,0
1.73,8.16,0
1.84,7.93,0
2.07,7.71,0
1.76,8.62,0
1.97,8.23,0
1.61,7.82,0
1.52,8.12,0
1.72,7.9,0
1.78,7.78,0
1.98,8.73,0
1.84,8.45,0
2.02,8.06,0
1.69,8.33,0
1.81,8.47,0
1.88,8.05,0
1.77,7.96,0
1.52,7.87,0
1.95,8.07,0
1.58,8.06,0
1.78,7.69,0
1.81,7.87,0
1.73,7.83,0
1.89,8.59,0
1.97,8.22,0
2.06,8.24,0
2.03,7.92,0
1.71,7.94,0
1.57,8.09,0
2.15,7.97,0
1.99,7.8,0
1.85,8.38,0
2.18,7.98,0
1.92,8.28,0
2.07,8.23,0
1.84,8.2,0
2.24,8.37,0
2.02,8.53,0
2.4,7.86,0
1.75,8.23,0
2.26,8.22,0
2.21,7.75,0
2.04,8.26,0
2.01,8.1,0
1.97,8.41,0
2.21,8.31,0
2.07,8.22,0
1.89,8.54,0
2.18,8.38,0
1.97,8.76,0
1.91,8.42,0
2.14,8.14,0
2.08,8.36,0
2.11,8.52,0
1.93,8.34,0
2.08,8.46,0
2.09,8.21,0
2.05,8.17,0
2.02,8.69,0
1.99,8.46,0
2.07,8.11,0
2.23,8.46,0
2.29,8.41,0
2.06,8.24,0
2.26,8.53,0
2.69,8.51,0
2.28,8.38,0
2.25,8.14,0
2.29,8.41,0
2.28,8.41,0
2.17,8.41,0
2.27,8.16,0
2.26,8.46,0
2.24,8.32,0
2.32,8.37,0
2.08,8.12,0
2.38,8.81,0
2.07,8.43,0
2.22,8.22,0
2.31,9.13,0
2.46,8.9,0
2.38,8.77,0
2.48,9.0,0
2.22,8.84,0
2.35,8.8,0
2.24,8.54,0
2.15,8.99,0
2.54,8.82,0
2.52,8.84,0
2.23,9.01,0
1.18,9.05,0
1.38,10.18,0
0.71,10.0,0
0.82,8.72,0
0.77,9.14,0
-0.25,9.82,0
-0.17,9.33,0
0.2,9.96,0
-1.02,10.21,0
0.51,9.46,0
-1.15,10.58,0
0.63,8.37,0
-1.12,8.29,0
-0.62,8.85,0
-2.05,9.81,0
-1.96,9.67,0
-2.11,8.93,0
-2.29,9.68,0
-1.9,9.3,0
-1.6,9.55,0
-1.82,9.85,0
-1.33,9.86,0
-1.08,9.69,0
-1.37,8.68,0
-0.56,8.78,0
-1.03,8.52,0
-0.88,8.46,0
-0.75,8.02,0
-1.04,8.22,0
-0.45,8.42,0
-0.86,8.73,0
-0.71,8.64,0
-0.59,9.06,0
-0.84,8.83,0
-0.69,9.49,0
-0.47,8.86,0
-0.46,8.75,0
-0.78,9.89,0
-0.73,9.33,0
-0.46,9.12,0
-0.71,9.39,0
-1.16,9.32,0
-1.04,8.74,0
-0.81,9.06,0
-0.4,9.41,0
-0.97,9.15,0
-0.64,8.78,0
-1.16,9.3,0
-0.63,9.61,0
-0.85,8.94,0
-1.01,9.48,0
-0.64,9.5,0
-0.85,9.2,0
-0.91,9.42,0
-0.8,9.44,0
-0.87,9.54,0
-1.02,9.78,0
-0.76,9.88,0
-0.73,9.86,0
-1.07,10.07,0
-0.44,9.77,0
-0.89,9.97,0
-0.61,9.86,0
-0.89,9.9,0
-0.79,9.76,0
-0.68,10.01,0
-0.69,9.8,0
-0.89,10.03,0
-1.08,9.83,0
-0.91,10.13,0
-1.18,9.79,0
-1.25,9.71,0
-0.84,9.93,0
-0.79,9.99,0
-1.24,9.88,0
-1.02,9.99,0
-0.71,10.13,0
-1.17,9.77,0
-1.19,9.57,0
-1.52,9.3,0
-1.3,10.19,0
-1.31,9.92,0
-1.43,9.25,0
-1.13,9.2,0
-1.35,9.43,0
-1.17,9.94,0
-1.35,9.86,0
-1.38,9.94,0
-1.33,9.44,0
-1.12,9.45,0
-1.08,9.72,0
-1.07,9.73,0
-1.34,9.83,0
-1.45,9.99,0
-1.08,10.04,0
-1.1,9.83,0
-0.95,9.55,0
-0.96,9.62,0
-1.2,9.96,0
-0.97,9.82,0
-0.78,9.87,0
-1.12,9.91,0
-0.98,9.82,0
-1.05,9.61,0
-1.0,9.86,0
-0.72,9.92,0
-0.7,9.75,0
-0.75,9.73,0
-0.99,10.29,0
-0.91,9.77,0
-0.8,9.91,0
-0.95,9.74,0
-0.77,9.92,0
-0.96,10.05,0
-0.68,9.52,0
-0.8,10.22,0
-0.6,9.73,0
-0.76,9.71,0
-0.49,9.69,0
-0.29,9.95,0
-0.71,9.62,0
-1.25,9.92,0
-0.78,9.63,0
-0.45,10.06,0
-0.56,9.69,0
-0.77,9.72,0
-0.38,10.05,0
-0.51,9.9,0
-0.53,9.55,0
-0.52,9.72,0
-0.86,9.81,0
-0.33,9.66,0
-0.49,9.58,0
-0.49,9.93,0
-0.32,9.97,0
-0.77,9.75,0
-0.6,10.02,0
-0.77,9.81,0
-0.72,9.78,0
-0.26,10.13,0
-0.43,10.1,0
-0.62,10.29,0
-0.63,10.21,0
-0.36,10.17,0
-0.1,10.06,0
-0.37,9.94,0
-0.62,10.05,0
-0.41,9.85,0
-0.42,9.89,0
-0.47,10.09,0
-0.57,10.1,0
-0.51,9.78,0
-0.39,10.2,0
-0.6,9.84,0
-0.62,9.98,0
-0.8,9.61,0
-0.51,10.37,0
-0.3,10.5,0
-0.34,10.38,0
-0.56,10.16,0
-0.43,10.37,0
-0.55,10.66,0
-0.62,10.15,0
-0.92,10.72,0
-0.01,10.25,0
-0.64,10.57,0
-0.86,10.25,0
-0.49,10.19,0
-0.37,10.76,0
-0.63,10.33,0
-0.52,10.29,0
-0.55,10.53,0
-0.73,10.61,0
-0.79,10.55,0
-0.68,10.31,0
-0.49,10.37,0
-0.63,10.57,0
-0.81,10.35,0
-0.75,10.34,0
-0.6,9.98,0
-0.89,10.14,0
-0.51,10.14,0
-0.54,10.49,0
-0.73,10.42,0
-0.53,10.23,0
-0.7,10.26,0
-0.33,10.66,0
-0.69,10.14,0
-0.3,10.37,0
-0.57,10.73,0
-0.28,10.68,0
-0.78,10.22,0
-0.45,10.3,0
-0.3,10.25,0
-0.67,10.6,0
-0.55,10.18,0
-0.79,10.0,0
-0.52,10.21,0
-0.32,10.43,0
-0.49,10.04,0
-1.3,10.28,0
-0.75,11.11,0
-0.68,10.48,0
-0.8,10.81,0
-1.61,10.77,0
-1.09,10.74,0
-1.03,10.76,0
-0.42,10.54,0
-0.14,10.88,0
-0.71,11.85,0
-0.36,11.03,0
-0.79,10.39,0
-0.2,10.41,0
0.36,11.97,0
1.08,12.23,0
0.63,12.04,0
0.99,11.09,0
1.05,13.48,0
2.02,11.44,0
2.02,12.77,0
1.95,12.19,0
1.38,12.3,0
1.61,11.49,0
1.75,12.14,0
1.75,12.27,0
2.31,12.19,0
1.81,12.18,0
1.5,12.01,0
1.58,12.15,0
1.74,11.42,0
1.62,12.59,0
2.03,12.2,0
1.59,12.21,0
1.22,13.23,0
1.63,12.23,0
1.49,11.83,0
2.14,12.42,0
1.87,12.47,0
1.84,12.18,0
1.62,12.23,0
1.47,12.24,0
1.38,12.19,0
1.3,12.23,0
3.19,12.6,0
2.32,12.76,0
1.67,12.56,0
1.6,12.14,0
1.65,12.68,0
1.62,12.19,0
1.76,12.16,0
1.16,12.15,0
1.37,12.36,0
1.52,12.3,0
1.47,12.38,0
1.72,12.27,0
1.41,12.4,0
1.53,12.25,0
1.35,12.19,0
1.1,12.22,0
1.35,12.38,0
1.4,12.3,0
1.2,11.83,0
1.29,12.49,0
1.59,12.13,0
1.53,12.66,0
1.34,12.32,0
1.32,12.21,0
1.56,12.4,0
1.34,12.14,0
1.27,12.49,0
0.99,12.3,0
1.34,12.24,0
1.35,12.31,0
1.26,12.68,0
1.21,12.41,0
1.28,12.19,0
1.43,12.39,0
1.25,12.19,0
1.26,12.44,0
1.63,12.72,0
1.4,12.4,0
1.54,12.28,0
1.27,12.61,0
1.68,12.26,0
1.42,12.46,0
1.33,12.21,0
1.4,12.48,0
1.49,12.44,0
1.32,12.28,0
1.44,12.38,0
1.19,12.54,0
1.23,12.71,0
1.33,12.52,0
1.52,12.56,0
1.26,12.64,0
1.33,12.29,0
1.34,12.33,0
1.59,12.69,0
1.44,12.61,0
1.65,12.52,0
1.79,12.79,0
1.59,12.36,0
1.59,12.54,0
1.43,12.67,0
1.9,12.87,0
1.75,12.44,0
1.76,12.79,0
1.87,12.93,0
1.53,13.0,0
1.92,12.46,0
1.34,11.78,0
1.25,11.43,0
1.36,11.65,0
1.54,11.85,0
1.35,11.46,0
1.42,11.56,0
1.48,11.65,0
1.18,11.6,0
1.37,11.66,0
1.57,11.53,0
1.52,11.73,0
1.53,12.07,0
1.46,11.72,0
1.66,11.93,0
1.82,12.25,0
1.63,12.3,0
1.48,11.85,0
1.59,12.26,0
1.7,12.16,0
1.59,12.01,0
1.52,11.87,0
1.78,12.29,0
1.6,14.21,0
-0.92,13.19,0
1.31,12.13,0
1.0,12.11,0
1.31,11.83,0
1.18,11.64,0
1.12,11.9,0
1.17,11.91,0
1.0,12.07,0
1.21,12.02,0
0.98,12.04,0
1.21,11.56,0
0.58,12.38,0
0.45,11.64,0
0.09,12.13,0
0.77,12.29,0
0.26,11.36,0
0.27,11.85,0
0.64,12.14,0
0.39,12.04,0
0.53,11.86,0
0.04,12.09,0
0.39,11.44,0
0.24,11.22,0
0.34,11.61,0
0.23,11.26,0
0.09,11.39,0
0.17,11.43,0
0.49,11.42,0
1.12,11.33,0
0.63,11.18,0
0.6,11.18,0
0.32,10.9,0
-0.26,9.97,0
0.42,10.52,0
1.06,10.22,0
0.6,10.36,0
0.4,10.93,0
0.34,9.77,0
1.35,9.73,0
0.13,10.13,0
0.27,10.03,0
0.0,9.55,0
-4.71,10.58,0
0.03,8.46,0
-0.4,9.13,0
1.26,9.64,0
-1.49,9.43,0
-0.13,9.46,0
1.47,4.6,0
-0.28,8.02,0
0.09,8.03,0
-0.35,7.47,0
-0.28,7.55,0
0.48,8.45,0
-0.33,7.9,0
0.27,8.83,0
-0.21,7.83,0
-0.06,8.37,0
-0.23,8.11,0
-0.07,8.26,0
-0.22,7.82,0
-0.01,7.73,0
-0.17,8.14,0
0.08,8.5,0
-0.16,8.25,0
0.43,8.34,0
0.04,8.37,0
0.1,9.01,0
0.51,9.28,0
0.19,8.4,0
0.32,8.83,0
0.25,8.87,0
0.62,9.14,0
0.63,8.86,0
0.64,9.08,0
0.58,8.66,0
0.39,9.03,0
0.5,8.53,0
0.51,9.05,0
0.25,8.91,0
0.53,8.94,0
0.69,8.84,0
0.88,9.6,0
0.87,9.22,0
0.48,9.36,0
0.37,9.44,0
0.37,9.12,0
0.56,9.32,0
0.1,8.83,0
0.55,9.56,0
0.46,9.59,0
0.35,9.22,0
0.53,9.3,0
0.38,9.33,0
0.37,9.33,0
0.7,8.91,0
0.67,9.43,0
0.55,9.45,0
0.92,9.69,0
0.59,9.25,0
0.49,9.36,0
0.79,9.81,0
0.98,9.27,0
0.87,9.59,0
0.82,8.9,0
0.65,9.64,0
0.36,9.75,0
0.62,9.2,0
0.74,9.37,0
0.55,9.3,0
0.84,9.35,0
0.79,9.34,0
0.69,9.62,0
0.41,9.73,0
0.27,9.69,0
0.82,9.61,0
0.68,9.57,0
0.23,9.33,0
0.67,9.33,0
0.35,9.35,0
0.72,9.58,0
0.67,9.78,0
0.71,9.35,0
0.39,9.69,0
0.75,9.35,0
0.68,9.81,0
0.47,9.55,0
0.44,9.57,0
0.93,9.48,0
0.8,9.83,0
0.85,9.78,0
0.66,9.88,0
0.65,9.74,0
0.67,9.45,0
0.46,9.71,0
0.75,9.43,0
0.4,9.61,0
0.37,9.34,0
0.5,9.68,0
0.62,9.5,0
0.65,9.63,0
0.49,9.54,0
0.46,9.71,0
0.42,9.48,0
0.76,9.09,0
0.49,9.57,0
0.57,9.78,0
0.67,9.95,0
0.59,9.97,0
0.56,9.75,0
0.16,9.65,0
0.63,10.01,0
0.71,9.7,0
0.69,9.87,0
0.58,9.7,0
0.72,9.98,0
0.71,10.21,0
0.8,10.09,0
0.97,9.79,0
0.98,9.99,0
0.87,10.09,0
0.74,9.77,0
0.8,10.03,0
0.96,10.1,0
0.56,10.13,0
0.63,10.05,0
0.93,10.21,0
0.76,10.03,0
0.63,10.0,0
0.74,9.94,0
0.58,10.05,0
1.03,10.13,0
0.96,9.98,0
1.0,10.28,0
1.02,10.14,0
0.73,10.0,0
0.97,10.25,0
1.05,10.19,0
1.0,10.43,0
0.97,10.14,0
1.32,10.12,0
1.45,10.16,0
1.31,11.2,0
1.15,10.21,0
1.21,11.06,0
1.19,10.16,0
0.94,10.9,0
1.14,11.08,0
1.17,10.75,0
0.79,10.96,0
1.02,10.77,0
1.05,10.73,0
1.0,10.81,0
1.02,10.72,0
0.87,10.49,0
1.01,10.72,0
0.87,10.68,0
1.11,10.98,0
0.97,10.54,0
0.78,10.86,0
1.09,11.02,0
0.85,11.03,0
0.88,11.12,0
1.06,10.78,0
1.33,10.93,0
1.63,11.22,0
1.17,11.22,0
1.34,11.02,0
1.26,11.14,0
1.12,11.01,0
1.39,11.34,0
1.08,11.18,0
0.87,10.68,0
0.89,10.77,0
1.12,10.95,0
0.84,10.52,0
0.49,10.68,0
0.89,10.79,0
0.89,10.72,0
0.89,10.76,0
0.63,10.87,0
0.8,10.9,0
0.71,10.84,0
0.72,10.94,0
0.43,10.78,0
0.9,11.04,0
0.5,10.86,0
1.02,10.81,0
0.55,10.73,0
0.79,10.8,0
0.84,10.71,0
1.21,10.77,0
1.0,10.68,0
0.97,10.76,0
1.02,11.1,0
0.93,10.59,0
1.1,11.01,0
1.07,10.66,0
0.98,10.99,0
1.11,10.53,0
1.0,11.09,0
0.7,10.56,0
0.54,10.47,0
0.47,10.78,0
0.49,10.11,0
0.67,10.97,0
0.79,10.5,0
0.83,10.81,0
0.67,11.05,0
0.79,10.7,0
0.81,10.99,0
0.73,10.65,0
0.73,10.88,0
0.68,10.8,0
0.92,10.82,0
0.78,10.76,0
0.42,10.69,0
0.79,10.88,0
0.89,10.49,0
0.84,10.88,0
0.91,10.94,0
0.94,10.66,0
0.71,10.81,0
0.77,10.81,0
1.04,10.97,0
0.94,10.87,0
0.59,10.8,0
0.6,10.92,0
0.64,10.61,0
0.53,10.64,0
0.68,10.31,0
0.75,10.68,0
0.72,10.65,0
0.59,10.8,0
0.72,10.58,0
0.88,10.9,0
0.5,10.81,0
0.9,10.61,0
0.71,10.62,0
1.13,10.91,0
0.98,10.46,0
0.98,10.74,0
0.89,11.05,0
1.13,10.76,0
0.43,10.84,0
1.0,10.7,0
0.78,10.39,0
0.78,10.8,0
1.06,10.79,0
0.85,10.84,0
0.95,10.45,0
0.99,10.81,0
0.97,10.86,0
1.07,11.04,0
1.04,10.86,0
0.92,10.65,0
1.04,10.51,0
0.7,10.59,0
0.52,10.83,0
0.83,10.58,0
0.86,11.01,0
0.94,10.65,0
1.12,10.83,0
0.87,10.77,0
0.69,10.77,0
0.63,11.06,0
0.75,10.68,0
0.77,10.73,0
0.8,10.88,0
1.0,10.71,0
0.66,10.69,0
0.63,10.62,0
0.86,10.64,0
0.94,10.63,0
0.82,10.68,0
0.84,11.01,0
0.66,10.82,0
1.07,10.74,0
0.81,10.82,0
1.07,10.95,0
1.03,10.71,0
0.81,10.61,0
0.63,10.49,0
0.82,10.8,0
0.69,10.49,0
0.79,10.97,0
0.67,10.68,0
0.95,10.79,0
0.47,10.72,0
0.57,10.53,0
0.78,10.69,0
0.91,10.55,0
0.58,10.81,0
0.63,10.67,0
0.66,10.72,0
0.67,10.3,0
0.84,10.79,0
0.56,10.87,0
0.87,10.53,0
0.79,10.87,0
0.82,10.62,0
0.74,10.88,0
0.73,10.72,0
0.85,10.79,0
1.04,10.77,0
0.69,11.0,0
0.98,10.9,0
1.16,10.88,0
1.31,10.66,0
1.25,10.72,0
0.92,10.84,0
0.94,10.81,0
0.96,10.77,0
0.89,10.55,0
0.87,10.86,0
0.76,10.78,0
0.82,10.89,0
0.96,10.97,0
0.83,10.69,0
0.83,10.7,0
0.71,10.85,0
0.89,11.35,0
0.82,10.79,0
0.86,10.94,0
0.95,11.18,0
0.74,10.78,0
0.71,10.93,0
0.76,10.79,0
0.76,10.93,0
0.85,10.93,0
0.99,11.02,0
0.85,11.07,0
0.85,11.1,0
0.86,10.83,0
1.02,10.99,0
1.26,10.82,0
0.89,11.2,0
1.17,11.11,0
1.24,11.0,0
0.98,10.96,0
1.17,10.95,0
1.11,11.01,0
1.02,11.02,0
1.3,11.09,0
1.18,10.86,0
1.14,11.16,0
0.86,10.89,0
1.19,11.05,0
1.39,10.84,0
1.18,10.77,0
1.28,11.56,0
1.75,11.32,0
1.94,11.55,0
1.72,11.85,0
2.08,11.62,0
1.69,11.55,0
2.43,12.39,0
1.87,11.9,0
1.73,11.91,0
1.89,11.91,0
2.2,11.78,0
2.09,12.02,0
2.15,12.11,0
2.31,12.02,0
3.14,12.2,0
1.83,12.0,0
2.02,11.79,0
1.89,11.85,0
1.97,11.99,0
2.16,11.78,0
1.76,12.19,0
2.01,12.14,0
1.97,12.04,0
2.14,11.97,0
2.19,12.14,0
1.91,12.05,0
2.01,12.26,0
2.09,12.29,0
1.99,11.82,0
1.79,11.61,0
2.07,11.76,0
1.99,11.78,0
1.93,11.74,0
1.76,11.68,0
1.91,11.54,0
1.51,11.44,0
1.66,11.41,0
1.83,11.47,0
1.4,12.89,0
0.87,11.81,0
1.49,12.01,0
1.55,11.81,0
1.54,11.31,0
1.4,11.9,0
1.75,11.92,0
1.56,11.59,0
1.59,11.75,0
1.76,11.59,0
1.79,11.7,0
1.2,11.98,0
1.28,11.63,0
0.45,10.52,0
0.97,11.2,0
0.99,11.28,0
0.91,11.27,0
1.19,11.32,0
1.16,9.49,0
-0.23,11.01,0
0.68,10.88,0
0.59,11.4,0
0.66,10.83,0
0.6,11.2,0
0.34,11.16,0
0.29,10.81,0
0.91,10.86,0
0.96,10.96,0
1.21,11.22,0
0.96,11.71,0
0.65,10.87,0
0.49,10.9,0
1.03,11.12,0
0.62,11.2,0
0.94,11.13,0
0.88,11.7,0
0.41,11.24,0
0.74,11.03,0
1.11,11.28,0
0.97,11.47,0
1.14,11.56,0
1.17,11.59,0
1.1,11.51,0
1.21,11.21,0
1.19,11.72,0
1.29,11.36,0
1.24,11.58,0
1.1,11.35,0
1.34,11.73,0
1.45,11.59,0
1.45,11.33,0
1.19,12.13,0
1.23,11.57,0
1.49,11.68,0
1.59,11.77,0
1.5,11.63,0
1.36,11.51,0
1.37,11.68,0
1.4,11.72,0
1.44,11.79,0
1.4,11.84,0
1.67,11.76,0
1.47,11.62,0
1.4,11.64,0
1.4,11.64,0
1.52,11.81,0
1.26,11.4,0
1.05,11.76,0
1.48,11.7,0
1.33,11.51,0
1.18,11.83,0
1.18,11.58,0
1.1,11.85,0
1.36,11.33,0
1.46,11.66,0
1.4,11.93,0
1.63,11.63,0
1.71,12.1,0
1.74,11.91,0
1.63,11.75,0
1.52,12.03,0
1.99,11.92,0
1.77,12.07,0
1.86,11.84,0
1.71,11.67,0
1.82,11.79,0
1.65,12.04,0
1.57,11.94,0
1.85,11.74,0
2.04,12.07,0
1.84,11.86,0
1.64,11.77,0
1.73,12.08,0
1.76,11.8,0
1.54,12.12,0
1.71,11.87,0
1.91,11.59,0
2.0,12.27,0
1.89,12.13,0
1.7,12.02,0
1.67,11.89,0
2.1,12.0,0
2.16,11.98,0
1.98,12.21,0
2.25,12.24,0
1.88,12.3,0
1.85,12.18,0
2.1,12.06,0
1.86,12.09,0
1.95,12.29,0
2.25,11.84,0
2.05,12.11,0
2.22,12.09,0
2.15,12.18,0
2.1,12.31,0
1.91,12.18,0
2.05,12.25,0
2.38,12.19,0
2.27,12.5,0
2.05,12.27,0
2.15,12.18,0
1.93,12.15,0
2.03,12.34,0
1.98,12.3,0
2.17,12.08,0
2.04,12.22,0
1.91,12.19,0
2.01,12.36,0
2.33,12.26,0
2.32,12.13,0
2.1,12.48,0
2.12,12.52,0
2.1,12.28,0
2.13,12.13,0
2.12,12.01,0
1.96,12.26,0
2.21,12.32,0
2.05,12.28,0
2.07,12.26,0
2.13,12.03,0
2.16,12.16,0
2.1,12.36,0
2.12,12.19,0
2.16,12.18,0
2.14,12.26,0
2.0,12.35,0
2.05,12.26,0
2.23,11.88,0
2.0,12.4,0
2.12,12.21,0
2.29,12.23,0
1.94,12.35,0
1.97,12.18,0
2.06,12.44,0
2.15,12.18,0
2.27,12.34,0
2.3,12.27,0
2.16,12.45,0
1.9,12.09,0
1.99,12.36,0
1.94,12.56,0
2.17,12.12,0
2.22,12.32,0
2.27,12.52,0
2.25,12.41,0
2.02,12.2,0
3.09,11.79,0
1.99,12.39,0
1.87,12.28,0
1.97,12.33,0
1.88,12.48,0
1.97,12.35,0
2.09,12.38,0
2.14,12.36,0
2.0,12.54,0
2.03,12.3,0
2.02,12.23,0
2.08,12.24,0
2.06,12.32,0
2.1,12.67,0
1.99,12.44,0
1.86,12.42,0
2.26,12.21,0
1.98,12.18,0
2.22,12.39,0
2.28,12.25,0
1.76,12.13,0
1.92,12.44,0
2.11,12.32,0
1.75,12.61,0
1.98,12.42,0
1.95,12.29,0
1.98,12.11,0
2.18,12.53,0
2.19,12.32,0
2.0,12.52,0
2.1,12.36,0
2.36,12.37,0
2.16,12.37,0
2.06,12.33,0
1.96,12.21,0
2.06,12.45,0
2.14,12.44,0
2.14,12.42,0
2.08,12.49,0
2.27,12.12,0
1.87,12.45,0
2.04,12.22,0
1.84,12.37,0
1.79,12.47,0
1.76,12.21,0
1.99,12.33,0
2.24,12.34,0
2.26,12.08,0
2.15,12.46,0
2.0,12.39,0
2.01,12.47,0
2.22,12.63,0
1.91,12.5,0
1.89,12.64,0
1.93,12.57,0
1.98,12.51,0
2.2,12.41,0
2.12,12.41,0
2.09,12.38,0
2.18,12.45,0
1.9,12.56,0
2.07,12.38,0
2.24,12.53,0
2.2,12.38,0
2.14,12.33,0
1.99,12.33,0
2.09,12.24,0
2.1,12.48,0
2.04,12.48,0
1.88,12.27,0
1.99,12.51,0
2.08,12.51,0
1.83,12.38,0
1.99,12.59,0
1.96,12.57,0
2.01,12.29,0
2.12,12.23,0
2.3,12.37,0
1.88,12.48,0
2.14,12.76,0
2.14,12.51,0
2.25,12.33,0
1.87,10.71,0
1.47,12.3,0
0.8,11.16,0
0.99,10.74,0
0.93,11.36,0
0.77,11.35,0
0.93,11.14,0
0.77,11.13,0
-0.06,11.19,0
1.0,11.28,0
2.0,9.15,0
0.5,10.97,0
0.28,10.39,0
0.09,10.21,0
0.2,11.23,0
0.55,10.48,0
0.56,10.93,0
1.09,11.34,0
1.15,11.31,0
1.17,10.82,0
1.49,11.12,0
1.82,11.54,0
2.02,11.76,0
2.22,11.04,0
1.74,11.05,0
1.29,11.48,0
1.47,10.62,0
1.18,10.8,0
0.99,10.61,0
1.08,10.43,0
0.92,10.92,0
0.87,10.74,0
0.76,10.44,0
0.18,9.97,0
0.3,10.28,0
0.43,10.44,0
0.13,10.61,0
0.28,10.38,0
0.03,10.14,0
0.06,10.05,0
-0.1,10.2,0
-0.35,9.85,0
0.94,9.34,0
-0.19,9.7,0
-0.13,10.26,0
-0.45,9.77,0
-0.04,10.21,0
-0.44,9.74,0
-0.44,10.09,0
-0.62,9.79,0
-0.2,9.22,0
0.05,10.31,0
-0.88,8.94,0
0.6,9.16,0
0.7,6.84,0
0.21,5.33,0
0.38,6.66,0
-0.59,3.84,0
0.11,5.84,0
0.17,5.75,0
0.41,7.15,0
0.45,6.47,0
0.07,6.35,0
0.53,7.14,0
0.07,6.58,0
0.32,6.92,0
0.5,7.08,0
0.29,6.67,0
0.25,7.4,0
0.76,7.11,0
0.65,7.36,0
0.58,7.45,0
0.65,7.77,0
0.74,7.73,0
1.01,7.75,0
1.05,7.41,0
1.02,7.75,0
0.83,7.46,0
0.9,7.57,0
0.44,7.64,0
0.46,7.51,0
0.03,7.85,0
0.54,8.27,0
0.19,7.36,0
0.12,7.49,0
-0.04,7.86,0
0.01,7.61,0
0.3,8.13,0
0.29,7.61,0
0.17,7.58,0
0.09,8.0,0
0.2,7.93,0
0.09,7.52,0
0.43,7.91,0
0.36,8.22,0
0.4,8.03,0
0.35,8.22,0
0.84,8.2,0
0.82,8.37,0
1.03,8.5,0
0.53,8.5,0
0.54,8.15,0
0.54,7.99,0
0.47,8.21,0
0.5,8.6,0
0.51,8.22,0
0.13,8.3,0
0.49,8.53,0
0.47,8.61,0
0.24,8.54,0
0.35,8.81,0
0.54,8.36,0
0.66,8.4,0
0.35,8.81,0
0.62,8.7,0
0.46,8.83,0
0.56,8.65,0
0.34,8.78,0
0.97,8.9,0
0.82,8.5,0
0.54,8.87,0
0.52,8.64,0
0.45,8.77,0
0.62,8.72,0
0.79,8.7,0
0.47,8.81,0
0.79,8.94,0
0.49,8.87,0
0.59,8.82,0
0.68,9.3,0
0.69,9.03,0
0.79,8.41,0
0.66,8.79,0
0.84,9.02,0
0.21,8.97,0
0.04,8.65,0
0.03,8.94,0
0.47,8.81,0
0.77,9.13,0
0.22,9.3,0
-0.07,8.49,0
0.11,8.97,0
0.14,9.39,0
0.56,9.02,0
0.62,9.55,0
0.37,9.21,0
-0.09,9.13,0
0.43,9.31,0
0.53,9.64,0
0.63,9.42,0
0.84,9.67,0
0.78,9.41,0
0.76,9.66,0
0.92,9.51,0
1.4,9.63,0
1.28,9.49,0
0.95,9.63,0
0.54,9.65,0
0.55,9.57,0
0.83,9.75,0
0.86,9.52,0
1.6,9.85,0
0.93,9.85,0
0.72,9.53,0
0.92,10.14,0
0.98,9.43,0
1.36,10.14,0
1.03,9.77,0
0.59,9.33,0
0.35,9.52,0
0.57,9.24,0
0.91,9.31,0
0.9,9.18,0
0.77,8.88,0
0.52,9.24,0
1.1,9.22,0
0.89,9.21,0
0.62,8.45,0
0.91,7.67,0
0.85,5.25,0
1.41,6.43,0
-0.87,3.92,0
0.15,4.47,0
0.54,4.61,0
0.1,4.67,0
0.56,4.96,0
0.22,4.67,0
0.53,5.11,0
1.34,5.58,0
0.65,5.35,0
0.59,5.42,0
1.08,5.48,0
0.97,6.2,0
0.7,5.91,0
0.54,6.12,0
0.57,6.42,0
0.82,5.95,0
0.88,5.88,0
0.59,6.11,0
1.15,6.37,0
1.11,6.39,0
1.0,6.26,0
1.06,6.61,0
1.11,7.41,0
0.99,7.06,0
1.21,7.49,0
1.36,7.25,0
1.28,7.46,0
1.57,7.11,0
1.18,7.27,0
1.37,7.12,0
1.32,7.58,0
1.16,7.03,0
1.18,7.26,0
1.04,7.25,0
0.87,7.03,0
1.04,7.2,0
1.3,7.51,0
1.11,7.05,0
1.34,7.46,0
1.71,7.64,0
1.2,8.03,0
1.47,7.73,0
1.43,7.54,0
1.06,7.9,0
1.4,7.4,0
1.32,7.44,0
1.49,7.8,0
1.39,7.78,0
1.53,8.0,0
1.73,8.1,0
1.71,7.83,0
1.58,7.7,0
1.73,7.92,0
1.76,8.16,0
1.84,7.93,0
1.73,8.29,0
1.85,8.11,0
1.82,8.38,0
2.06,8.22,0
1.92,8.14,0
1.85,8.21,0
1.68,8.15,0
1.76,8.49,0
1.83,8.46,0
1.66,8.45,0
2.08,8.36,0
1.72,8.46,0
1.8,8.58,0
1.76,8.23,0
1.54,8.44,0
1.72,8.53,0
1.66,8.59,0
1.86,8.6,0
1.65,8.39,0
1.92,8.75,0
2.12,8.66,0
2.06,8.64,0
1.8,8.63,0
2.07,9.19,0
1.66,8.53,0
1.97,9.07,0
1.86,9.08,0
2.2,8.88,0
1.99,8.72,0
2.3,9.31,0
2.42,9.05,0
2.17,9.1,0
2.32,9.04,0
2.55,9.1,0
2.08,8.78,0
1.71,9.0,0
1.67,8.62,0
1.91,9.06,0
1.77,9.0,0
2.05,8.89,0
1.97,9.41,0
1.64,9.06,0
1.97,9.13,0
1.91,9.35,0
1.57,9.54,0
2.07,9.39,0
2.25,9.27,0
1.99,9.39,0
1.72,9.12,0
1.7,9.28,0
2.03,9.51,0
2.27,9.74,0
2.11,9.41,0
2.42,9.57,0
2.59,9.82,0
2.12,9.85,0
1.66,9.33,0
2.1,9.35,0
2.15,9.82,0
2.1,9.57,0
2.11,9.38,0
2.23,9.46,0
1.84,9.53,0
1.99,9.81,0
2.17,9.6,0
2.08,9.73,0
2.33,9.87,0
2.29,9.62,0
2.32,9.93,0
2.08,9.85,0
1.98,9.85,0
2.14,9.69,0
2.11,10.23,0
2.17,9.8,0
2.24,9.91,0
2.11,10.18,0
1.96,9.86,0
1.99,9.93,0
2.33,10.22,0
2.56,10.23,0
2.57,10.26,0
2.57,9.96,0
2.67,10.26,0
2.36,10.39,0
1.91,10.22,0
2.19,10.21,0
2.4,10.2,0
2.19,10.3,0
2.5,10.22,0
2.48,10.24,0
2.13,9.97,0
2.39,10.03,0
2.32,9.86,0
2.3,10.42,0
2.55,10.34,0
2.39,10.02,0
2.39,10.5,0
2.35,10.38,0
2.38,10.33,0
2.7,10.42,0
2.55,10.13,0
2.31,10.43,0
2.51,10.07,0
2.64,10.91,0
2.62,10.19,0
2.65,10.63,0
2.86,10.31,0
2.69,10.55,0
2.83,10.39,0
2.77,10.84,0
2.56,10.67,0
2.49,10.43,0
2.71,10.36,0
2.72,10.47,0
2.71,10.75,0
2.47,10.61,0
2.68,10.45,0
2.7,10.59,0
2.56,10.66,0
2.51,10.22,0
2.37,10.24,0
2.85,10.76,0
2.69,10.82,0
2.32,10.74,0
2.68,10.74,0
2.73,10.72,0
2.48,10.68,0
2.51,10.36,0
2.57,10.43,0
2.22,10.7,0
2.27,10.32,0
2.46,10.84,0
2.91,10.7,0
2.8,10.99,0
2.79,10.85,0
2.66,10.91,0
2.91,10.68,0
3.01,10.63,0
2.84,10.74,0
2.74,10.79,0
2.81,11.14,0
2.78,10.91,0
2.69,10.79,0
2.72,10.92,0
2.59,10.4,0
2.88,10.56,0
2.61,10.21,0
2.65,10.99,0
2.54,10.76,0
1.56,10.24,0
1.26,9.96,0
1.11,9.84,0
1.3,9.54,0
1.03,9.78,0
1.11,10.0,0
1.21,9.58,0
1.39,10.11,0
1.44,10.17,0
1.32,10.14,0
1.68,9.91,0
1.59,10.3,0
0.93,9.72,0
0.96,9.61,0
0.89,9.98,0
1.04,9.0,0
1.03,11.69,0
3.23,12.45,0
2.66,11.14,0
2.45,10.53,0
2.24,11.32,0
1.97,9.96,0
1.31,11.73,0
2.24,10.41,0
1.74,10.0,0
1.13,9.95,0
1.77,9.68,0
0.82,10.41,0
1.54,10.56,0
0.92,9.98,0
1.09,9.74,0
1.75,9.42,0
1.4,10.72,0
1.49,9.47,0
1.93,7.99,0
2.94,9.34,0
-1.64,-0.59,0
-2.13,-4.02,0
-0.95,-2.19,0
-0.71,-2.11,0
0.74,0.97,0
0.31,-1.19,0
1.15,1.01,0
1.15,0.03,0
1.44,0.8,0
1.5,1.14,0
2.09,1.87,0
2.05,2.77,0
2.33,4.12,0
3.04,3.39,0
3.42,6.57,0
3.22,4.84,0
4.06,6.16,0
3.59,5.21,0
3.79,6.39,0
3.91,7.0,0
4.11,6.99,0
4.12,7.67,0
4.32,7.8,0
4.21,8.43,0
3.81,7.67,0
4.29,8.42,0
4.28,8.3,0
4.3,7.99,0
4.11,8.43,0
4.19,8.47,0
4.03,8.84,0
1.89,19.16,1
1.95,14.34,1
1.48,16.02,1
3.3,16.76,1
2.31,16.65,1
3.36,5.7,1
-2.54,38.75,1
4.44,22.77,1
4.48,10.24,1
10.02,27.51,1
2.44,10.89,1
8.54,34.56,1
3.26,-3.68,1
-0.84,35.34,1
11.28,3.01,1
-10.79,38.37,1
18.18,26.29,1
-5.56,22.15,1
10.83,36.3,1
8.33,12.08,1
-2.14,38.52,1
8.41,6.4,1
-6.22,43.27,1
13.01,6.2,1
-7.75,42.96,1
5.44,37.68,1
6.78,21.9,1
-7.54,31.96,1
12.37,8.26,1
-14.41,39.01,1
7.58,34.41,1
8.42,41.45,1
-12.14,41.02,1
4.25,29.56,1
-8.44,41.33,1
2.17,11.79,1
-3.32,46.32,1
9.41,9.33,1
7.36,42.11,1
9.4,30.54,1
-7.3,11.1,1
6.0,24.88,1
7.85,13.36,1
3.6,24.74,1
12.49,15.25,1
3.27,170.0,1
11.47,12.63,1
-35.53,-158.75,1
9.8,13.02,1
-71.43,149.53,1
5.06,10.24,1
-54.3,128.49,1
5.81,8.87,1
-61.1,-151.11,1
4.49,10.57,1
-68.41,-77.66,1
2.56,7.74,1
-25.09,-4.32,1
0.63,-0.9,1
-12.92,-0.48,1
-8.29,9.82,1
-5.82,-7.19,1
-18.5,19.93,1
-3.14,-4.18,1
-28.14,14.55,1
-3.7,-3.29,1
-11.67,59.85,1
-13.27,-5.04,1
-3.63,2.53,1
-4.38,33.37,1
-31.37,15.77,1
-11.19,1.05,1
-24.22,7.69,1
-30.07,-13.06,1
-52.12,-67.19,1
-51.69,-73.68,1
-35.18,-29.07,1
-26.84,-11.53,1
-14.53,-20.21,1
3.64,-9.69,1
18.99,-2.32,1
27.22,0.22,1
33.61,8.05,1
39.54,16.32,1
35.96,10.42,1
29.75,44.4,1
15.15,35.63,1
1.22,35.61,1
-16.41,52.72,1
-15.17,71.19,1
-10.92,47.0,1
-13.3,36.33,1
-3.71,31.63,1
4.36,14.54,1
8.33,3.84,1
3.13,-0.2,1
-16.74,1.62,1
-40.77,-8.3,1
-44.74,-14.85,1
-60.3,-46.48,1
-58.05,-26.76,1
-50.47,-27.37,1
-41.7,-31.41,1
-57.78,-33.94,1
-22.67,10.94,1
-49.25,-103.07,1
-19.6,-9.36,1
-40.84,-33.83,1
-17.99,-24.3,1
-18.78,-9.44,1
-26.88,-35.41,1
-12.0,-1.6,1
-39.8,-73.38,1
-5.28,0.42,1
-32.76,-52.5,1
-5.52,2.57,1
-40.98,-55.78,1
-3.59,1.36,1
-57.85,-121.53,1
-2.09,6.44,1
-75.89,-84.83,1
5.28,14.15,1
-31.41,-33.1,1
4.49,11.19,1
-67.48,-48.38,1
8.09,2.66,1
-82.25,25.43,1
4.48,0.63,1
-70.9,-119.33,1
3.12,7.38,1
-43.32,-101.94,1
-1.13,10.05,1
-49.15,-103.48,1
-0.76,6.51,1
-83.59,-178.84,1
0.81,9.56,1
-55.6,-119.18,1
1.18,13.67,1
-51.63,-99.63,1
-0.36,6.22,1
-79.61,-103.61,1
0.46,7.23,1
-61.38,-166.24,1
3.12,8.52,1
-36.98,-147.82,1
2.89,7.63,1
-29.12,-27.99,1
2.76,6.8,1
-13.58,3.55,1
4.13,4.75,1
-17.05,-9.83,1
0.75,1.17,1
-0.73,12.59,1
2.23,6.31,1
-10.59,-13.84,1
-0.04,12.59,1
-6.78,-8.48,1
-2.68,13.12,1
-3.07,16.49,1
-4.9,12.03,1
-11.06,13.64,1
-4.25,14.47,1
-17.32,11.64,1
-5.42,12.45,1
-24.53,10.64,1
-6.63,12.01,1
-29.08,9.38,1
-3.95,15.08,1
-39.14,-6.71,1
-8.17,15.43,1
-34.4,12.95,1
-7.21,8.82,1
-39.59,11.54,1
-10.17,0.82,1
-29.6,15.38,1
-7.15,3.72,1
-38.26,2.47,1
-7.13,16.43,1
-41.46,-3.3,1
-7.02,17.6,1
-23.54,17.81,1
-6.82,-23.86,1
-16.07,17.27,1
-10.46,-15.35,1
-21.33,12.81,1
-4.27,22.56,1
-20.49,6.17,1
-11.44,7.36,1
-6.68,6.33,1
-56.83,-70.87,1
-0.19,7.04,1
-54.54,-138.42,1
9.85,11.32,1
-5.75,11.04,1
-6.35,-17.28,1
5.46,7.94,1
-27.99,-142.33,1
5.79,19.23,1
-63.82,28.5,1
9.26,5.02,1
7.71,7.67,1
-26.85,-144.03,1
6.86,21.66,1
-16.31,23.74,1
-20.95,-35.56,1
1.66,12.19,1
-40.98,-119.73,1
6.89,0.12,1
3.53,10.56,1
-20.67,-120.6,1
3.33,17.55,1
-46.59,-37.56,1
-5.16,-26.47,1
2.17,8.94,1
-31.61,-135.05,1
-2.46,9.82,1
-9.04,13.02,1
-26.57,-103.92,1
-4.6,14.95,1
-47.76,-116.88,1
-21.37,1.1,1
-20.4,1.69,1
-51.58,-40.05,1
-28.96,-11.04,1
-20.61,-4.15,1
-62.61,-74.49,1
-31.17,-30.55,1
-10.42,7.0,1
-52.66,-6.8,1
-44.8,-79.09,1
-9.34,13.32,1
-40.29,-8.93,1
-45.95,-104.96,1
-8.9,10.27,1
-32.24,1.24,1
-50.35,-95.32,1
-9.76,6.96,1
-28.38,7.28,1
-51.0,-97.07,1
-17.34,3.93,1
-21.73,9.6,1
-52.29,-102.81,1
-23.27,0.89,1
-18.13,9.91,1
-54.24,-80.82,1
-21.55,5.08,1
-20.92,3.88,1
-60.63,-80.11,1
-13.64,0.36,1
-16.71,8.56,1
-69.11,-43.04,1
-13.76,-4.59,1
-23.43,7.76,1
-64.66,1.6,1
-15.22,-6.74,1
-26.09,19.26,1
-54.15,-40.08,1
-9.3,17.23,1
-32.15,6.84,1
-29.31,-23.63,1
-15.41,6.33,1
-43.84,-10.95,1
-17.9,33.53,1
-20.59,21.19,1
-62.27,-8.97,1
-9.12,22.9,1
-30.57,16.72,1
-18.45,24.55,1
-18.51,21.88,1
-61.99,63.65,1
-18.2,19.64,1
-46.35,59.4,1
-13.61,27.49,1
-33.26,42.28,1
-27.37,29.9,1
-24.25,27.92,1
-51.28,74.5,1
-18.66,19.85,1
-46.61,141.83,1
-20.12,16.58,1
-45.5,107.43,1
-26.78,26.64,1
-37.47,45.06,1
-27.94,11.25,1
-26.3,29.9,1
-61.64,49.48,1
-23.38,22.09,1
-56.13,146.66,1
-24.93,17.42,1
-51.42,126.32,1
-20.92,26.99,1
-54.0,82.56,1
-31.84,26.73,1
-39.61,44.46,1
13.23,9.66,1
-26.65,29.22,1
-73.83,-176.13,1
-24.98,12.29,1
-55.12,165.84,1
-27.79,9.1,1
-55.5,143.81,1
-26.42,9.2,1
-47.36,129.86,1
-25.96,37.47,1
-39.65,98.29,1
-26.64,26.06,1
-35.46,99.23,1
-25.53,25.2,1
-35.87,40.24,1
-54.14,164.74,1
-24.05,13.38,1
-24.64,166.84,1
-27.7,8.99,1
-48.23,93.47,1
-78.93,66.38,1
-35.98,12.45,1
-52.89,14.57,1
-49.76,2.32,1
-40.6,16.29,1
-32.13,5.36,1
-24.07,-2.34,1
-12.85,4.69,1
-4.4,-0.64,1
8.01,0.58,1
20.8,1.89,1
30.94,4.92,1
35.6,14.82,1
40.92,29.91,1
46.74,24.81,1
43.77,27.25,1
35.93,13.43,1
30.65,7.6,1
11.54,0.07,1
-3.25,-10.29,1
-19.05,-12.47,1
-35.07,-2.8,1
-58.24,-3.69,1
-51.53,-15.52,1
-69.34,-53.09,1
-57.13,-15.94,1
-26.68,2.3,1
-9.84,-3.08,1
0.1,-1.47,1
12.3,6.59,1
17.51,9.79,1
24.28,25.23,1
24.67,29.93,1
27.8,26.48,1
22.82,26.39,1
20.83,20.04,1
12.95,10.51,1
-4.68,3.65,1
-19.6,-5.43,1
-34.23,-0.25,1
-37.21,-3.46,1
-40.67,-10.49,1
-33.63,-6.54,1
-25.07,1.82,1
-28.36,-0.32,1
-19.51,5.93,1
-6.11,16.91,1
-3.29,12.6,1
-4.34,11.22,1
-7.91,15.9,1
-14.7,-2.92,1
-0.23,18.27,1
6.22,26.6,1
14.11,24.14,1
15.01,16.87,1
13.19,16.38,1
13.19,13.54,1
9.26,11.57,1
7.39,32.11,1
13.9,29.98,1
20.94,21.24,1
18.69,22.69,1
16.02,22.99,1
7.6,18.33,1
3.89,18.07,1
9.91,31.68,1
15.14,29.71,1
21.72,22.08,1
23.17,25.84,1
26.7,29.18,1
25.22,22.14,1
23.89,17.85,1
16.26,6.85,1
-3.27,-0.88,1
-15.74,-2.82,1
-29.85,-9.22,1
-42.26,-11.74,1
-53.13,-39.01,1
-48.88,-25.41,1
-50.79,-41.21,1
-58.47,-59.55,1
-47.2,-13.68,1
-11.3,-3.06,1
-3.07,-8.92,1
6.99,-2.52,1
11.83,5.37,1
16.36,12.22,1
23.0,16.15,1
21.21,7.95,1
10.76,16.25,1
7.23,16.96,1
-5.7,-7.41,1
-17.95,-5.34,1
-16.03,-4.91,1
-3.86,7.12,1
-36.41,-55.01,1
-8.35,9.71,1
-12.51,-5.99,1
-17.38,-4.39,1
-7.88,8.19,1
-29.85,-43.0,1
-7.88,14.51,1
-32.16,-49.39,1
-14.85,2.95,1
-24.62,8.06,1
-33.29,-9.02,1
-39.94,-7.27,1
-35.83,13.23,1
-32.24,12.15,1
-41.88,13.85,1
-37.08,9.5,1
-38.36,8.64,1
-40.91,-1.7,1
-53.75,-8.38,1
-56.44,13.74,1
-36.1,34.86,1
-51.49,-22.93,1
-38.15,3.11,1
-38.97,15.29,1
-64.98,-13.26,1
-32.17,15.15,1
-26.29,13.63,1
-89.17,-85.6,1
-21.87,16.59,1
-60.71,-76.38,1
-51.89,22.06,1
-33.36,-2.17,1
-50.56,5.02,1
-30.72,17.38,1
-44.99,-150.74,1
-32.61,16.96,1
-44.08,-138.49,1
-24.94,10.12,1
-70.83,-82.04,1
-21.17,-12.71,1
-53.6,-19.37,1
-20.72,-12.33,1
-35.26,13.76,1
-24.31,-157.68,1
-25.91,16.43,1
-25.17,-153.85,1
-22.38,7.83,1
-55.47,-26.69,1
-11.12,1.97,1
-25.58,11.15,1
-10.17,-171.16,1
-12.68,20.17,1
-27.55,-130.5,1
4.73,-8.28,1
-24.56,0.05,1
-25.23,42.2,1
-16.58,12.7,1
-30.56,-157.6,1
-16.49,15.29,1
-48.75,-73.83,1
-27.48,27.13,1
-22.57,11.72,1
-15.09,159.0,1
-15.03,14.57,1
-22.34,-165.95,1
-20.52,17.68,1
-24.19,-14.83,1
1.26,8.07,1
1.37,8.14,1
1.07,8.24,1
1.28,8.32,1
1.23,8.08,1
1.35,8.15,1
1.32,7.92,1
1.38,8.03,1
1.35,8.13,1
1.29,8.03,1
3.29,11.58,1
2.52,7.02,1
4.47,4.58,1
0.74,11.75,1
-9.98,12.15,1
5.52,9.45,1
0.25,-1.25,1
-11.96,-0.06,1
-27.24,-135.0,1
0.62,10.0,1
-5.33,-3.51,1
2.12,6.12,1
-1.94,8.05,1
41.82,31.01,1
0.14,7.82,1
-3.72,-27.01,1
12.65,0.64,1
6.04,2.31,1
7.27,45.0,1
3.64,6.19,1
-45.25,55.49,1
5.86,-76.39,1
0.21,7.77,1
6.71,3.62,1
3.47,7.6,1
-18.1,0.32,1
-5.22,45.0,1
-0.22,9.16,1
-6.14,-36.9,1
20.68,0.42,1
3.84,4.48,1
6.69,11.27,1
2.39,0.54,1
-11.17,-0.69,1
-22.75,-119.35,1
0.89,10.2,1
-45.39,-118.97,1
-1.88,22.15,1
3.18,12.62,1
-4.47,7.87,1
-25.85,2.61,1
-31.43,-4.77,1
-26.02,-8.07,1
-15.98,4.32,1
-10.24,3.07,1
1.88,16.43,1
9.04,7.23,1
15.24,11.68,1
17.2,9.25,1
12.01,2.57,1
1.48,-12.51,1
-26.7,-7.88,1
-22.22,0.23,1
-5.85,5.95,1
3.21,8.0,1
11.8,7.47,1
11.2,7.6,1
13.96,9.76,1
1.86,-19.49,1
-23.63,-7.87,1
-28.12,-0.94,1
-24.39,-2.87,1
-2.89,7.52,1
3.81,12.86,1
7.89,11.02,1
9.3,9.08,1
4.28,10.8,1
-20.33,-10.59,1
-48.17,-92.68,1
-2.96,-1.55,1
-1.31,7.11,1
-13.94,-5.32,1
-38.97,-30.32,1
-5.45,-9.71,1
2.24,2.02,1
-2.38,-4.91,1
-16.41,-10.52,1
-15.12,-11.23,1
-0.7,-1.14,1
0.15,0.71,1
-4.7,-6.53,1
-11.17,-8.95,1
-8.29,-8.51,1
0.28,-0.52,1
0.34,-0.02,1
-4.81,-7.17,1
-9.8,-5.62,1
-2.15,-5.15,1
3.16,-0.59,1
1.16,-0.27,1
-9.66,-10.55,1
-10.96,-8.89,1
4.73,5.7,1
1.2,-1.95,1
-4.04,-12.33,1
2.43,-6.78,1
10.0,-0.52,1
13.97,-3.42,1
20.85,-7.18,1
20.03,4.23,1
15.88,7.3,1
9.05,7.83,1
7.37,-12.14,1
19.64,14.13,1
14.45,-7.58,1
10.17,-25.85,1
8.34,-42.25,1
6.92,14.52,1
21.49,-8.44,1
9.49,11.53,1
3.14,-37.0,1
32.3,-8.67,1
4.0,3.76,1
-0.35,-86.67,1
13.29,32.73,1
2.17,6.96,1
16.9,0.46,1
7.29,11.16,1
-5.31,-138.38,1
21.46,12.37,1
1.91,-8.34,1
-20.58,32.93,1
4.04,8.97,1
19.88,-7.51,1
9.25,9.69,1
-2.58,-40.32,1
14.76,5.41,1
4.13,0.7,1
-41.19,-88.0,1
3.53,5.54,1
15.84,-1.19,1
7.46,11.37,1
-2.93,-36.32,1
19.7,9.71,1
0.83,-3.13,1
5.8,1.33,1
4.07,4.94,1
14.08,4.63,1
4.75,7.81,1
16.4,-15.29,1
7.08,7.27,1
0.16,-46.21,1
20.9,12.73,1
5.12,-15.46,1
8.7,22.37,1
4.92,-12.15,1
-25.21,-96.76,1
6.27,5.23,1
14.26,6.79,1
5.04,6.54,1
21.05,5.36,1
4.82,6.67,1
22.32,-2.17,1
3.0,12.4,1
17.59,1.33,1
5.64,5.06,1
19.99,3.86,1
6.95,2.84,1
16.97,-73.59,1
10.58,14.58,1
22.7,-82.85,1
15.7,11.2,1
-12.14,-120.67,1
10.29,-4.08,1
-50.97,-95.03,1
12.11,2.59,1
4.38,8.31,1
-15.05,6.16,1
2.31,-5.42,1
-11.4,-6.01,1
0.11,-5.72,1
11.03,13.63,1
1.19,-9.03,1
16.85,24.35,1
-7.31,-19.23,1
23.5,40.96,1
0.59,-1.71,1
4.91,41.59,1
2.78,-0.64,1
13.84,3.5,1
4.31,3.47,1
35.32,-62.81,1
2.15,1.6,1
15.98,17.31,1
4.19,-6.78,1
12.04,28.99,1
0.26,-4.09,1
-13.12,-0.93,1
1.43,1.32,1
0.67,45.0,1
1.22,7.6,1
12.58,-135.0,1
1.43,8.01,1
9.38,4.33,1
3.3,6.84,1
2.0,2.34,1
-0.64,-2.39,1
-5.32,4.39,1
-8.13,-4.96,1
1.21,8.06,1
-2.29,1.5,1
38.08,23.24,1
1.15,13.85,1
1.32,-157.54,1
10.18,12.71,1
-18.42,-125.55,1
6.05,5.08,1
-25.13,-39.79,1
-2.22,6.97,1
-18.67,-12.32,1
4.03,11.61,1
-3.9,2.02,1
9.58,11.23,1
-5.45,-0.11,1
-14.76,-14.45,1
5.01,6.7,1
0.91,9.17,1
-0.53,8.98,1
-1.87,6.27,1
-6.99,4.9,1
6.04,18.36,1
1.29,16.14,1
14.14,28.93,1
9.78,19.05,1
-2.22,23.58,1
19.71,22.78,1
7.62,8.23,1
15.7,32.26,1
1.75,19.81,1
19.7,29.52,1
-4.94,8.04,1
16.27,33.69,1
-0.05,12.4,1
7.0,40.23,1
6.35,13.62,1
11.88,37.34,1
11.07,16.54,1
14.6,33.18,1
19.98,30.06,1
18.97,15.33,1
12.24,37.2,1
7.2,9.53,1
5.92,38.48,1
0.45,9.39,1
14.25,36.57,1
-3.37,17.89,1
16.53,32.79,1
21.61,33.43,1
5.58,7.59,1
-1.59,24.68,1
7.28,10.04,1
10.13,26.3,1
1.34,2.37,1
7.29,25.41,1
1.21,20.27,1
17.79,22.71,1
15.02,31.06,1
19.65,19.52,1
14.97,34.57,1
3.53,5.58,1
5.48,34.71,1
4.53,4.09,1
3.17,33.22,1
6.92,8.92,1
9.24,34.45,1
15.89,21.19,1
12.27,29.47,1
14.99,33.57,1
11.44,15.58,1
9.75,36.57,1
4.67,7.75,1
9.16,36.35,1
14.12,14.47,1
8.61,28.95,1
14.73,31.66,1
14.28,31.16,1
13.86,31.08,1
10.89,18.74,1
13.21,40.0,1
7.94,13.27,1
9.15,35.78,1
11.41,13.83,1
5.97,34.27,1
9.77,14.34,1
11.3,41.01,1
10.3,9.74,1
6.67,33.78,1
17.62,16.4,1
7.25,27.62,1
14.68,38.0,1
8.64,14.59,1
7.88,47.46,1
18.58,16.21,1
6.92,31.89,1
14.31,20.78,1
10.74,31.85,1
13.82,36.27,1
14.12,19.36,1
8.5,40.52,1
15.38,16.47,1
9.35,39.57,1
14.85,26.6,1
10.09,35.77,1
11.91,33.65,1
18.45,29.39,1
10.55,37.26,1
15.84,33.87,1
8.63,30.78,1
-0.09,30.14,1
-0.6,42.2,1
-2.01,21.43,1
11.07,32.19,1
2.99,21.86,1
12.54,21.52,1
16.34,29.26,1
9.6,0.4,1
18.79,26.16,1
15.86,19.4,1
17.99,19.77,1
13.93,27.6,1
16.4,16.19,1
19.84,30.81,1
11.76,9.03,1
16.78,25.09,1
19.64,23.43,1
21.46,21.62,1
15.73,32.95,1
15.05,13.99,1
20.56,30.93,1
18.76,12.59,1
18.87,21.29,1
17.41,25.86,1
21.06,19.51,1
17.14,33.38,1
12.0,9.09,1
20.75,33.97,1
15.77,9.87,1
18.58,24.01,1
18.07,32.93,1
21.21,23.79,1
12.1,38.41,1
15.53,8.61,1
18.19,32.27,1
20.85,28.02,1
17.39,25.98,1
13.78,36.09,1
25.42,20.02,1
10.59,44.24,1
15.85,10.22,1
15.3,34.49,1
16.0,33.89,1
16.64,33.89,1
5.76,39.56,1
20.07,15.85,1
12.36,36.91,1
14.3,31.72,1
19.17,38.05,1
6.73,45.41,1
16.44,23.08,1
4.89,37.76,1
14.17,17.27,1
8.12,38.88,1
9.8,45.37,1
24.12,35.31,1
0.89,48.85,1
9.08,17.59,1
9.55,46.84,1
3.27,18.19,1
14.33,40.27,1
0.15,40.2,1
18.71,37.93,1
4.22,55.24,1
4.86,9.59,1
1.13,53.59,1
-2.24,46.78,1
17.47,41.04,1
-7.99,61.72,1
11.27,13.39,1
2.09,46.27,1
-3.27,43.18,1
19.04,37.63,1
-1.83,62.45,1
11.61,15.4,1
1.89,34.08,1
-3.6,56.08,1
11.31,17.42,1
9.25,40.21,1
8.65,12.44,1
2.04,33.48,1
0.22,48.02,1
18.83,12.12,1
-1.44,32.87,1
-0.11,9.61,1
5.49,12.03,1
-0.11,18.41,1
15.31,0.08,1
-1.84,25.79,1
-0.37,11.78,1
3.77,8.38,1
1.5,20.66,1
9.38,0.2,1
1.75,21.33,1
3.06,12.32,1
8.62,1.08,1
0.56,10.81,1
5.12,-5.97,1
7.22,6.8,1
7.72,2.77,1
3.96,-5.39,1
5.91,1.46,1
14.54,1.85,1
6.49,2.9,1
3.6,11.94,1
13.62,-14.41,1
-6.04,-4.7,1
6.82,-14.39,1
6.78,32.96,1
-0.64,-35.21,1
11.97,5.58,1
-0.8,9.64,1
6.77,23.34,1
9.03,13.61,1
-0.11,77.19,1
11.05,13.1,1
7.71,43.02,1
4.26,14.81,1
8.46,19.0,1
9.97,20.87,1
14.56,-22.87,1
7.62,14.84,1
10.16,-15.82,1
13.86,5.09,1
17.69,8.02,1
9.4,7.37,1
23.85,-3.76,1
8.44,8.09,1
23.14,6.58,1
9.22,3.28,1
8.78,10.99,1
14.33,1.58,1
4.88,6.16,1
7.33,8.11,1
9.92,-2.27,1
13.49,5.62,1
2.87,4.02,1
15.81,-25.46,1
6.47,2.61,1
-10.12,42.05,1
6.91,-8.82,1
5.46,17.45,1
3.33,6.52,1
7.21,1.34,1
5.5,1.01,1
3.93,8.72,1
3.05,-24.55,1
5.95,10.06,1
-3.92,6.5,1
3.56,3.39,1
-18.72,-6.7,1
3.78,6.58,1
-22.29,-66.96,1
4.83,4.72,1
-59.41,76.1,1
2.38,0.59,1
-24.7,-2.41,1
2.27,4.44,1
-34.48,-25.92,1
2.68,-0.03,1
-15.88,79.15,1
0.79,-3.61,1
-14.15,-5.51,1
0.42,2.19,1
-23.85,-41.53,1
0.39,3.14,1
-27.79,9.5,1
-0.25,1.45,1
-13.53,-26.31,1
0.86,10.71,1
-18.76,-25.03,1
1.65,2.58,1
-53.59,26.82,1
0.16,4.78,1
-14.0,-20.46,1
-0.89,4.75,1
-12.73,-15.95,1
-0.49,5.58,1
-41.11,-9.82,1
-2.29,-0.99,1
-40.5,-23.94,1
-2.12,-1.76,1
-69.89,-96.16,1
-4.34,-2.55,1
-78.41,-21.52,1
-5.62,-2.22,1
-76.91,-120.48,1
-3.39,4.1,1
-39.52,-58.69,1
-3.74,7.06,1
-74.69,-173.56,1
-4.12,2.61,1
-87.44,32.01,1
-1.01,8.43,1
-47.85,-85.34,1
-2.26,4.26,1
-70.74,-23.65,1
-1.45,0.8,1
-84.67,-133.38,1
-2.24,5.85,1
-59.66,-63.9,1
-0.82,4.83,1
-68.18,-178.48,1
-1.55,0.73,1
-82.59,129.4,1
-2.8,4.28,1
-22.84,0.08,1
-3.11,1.09,1
-29.23,7.4,1
-3.74,0.07,1
-12.45,33.6,1
-12.02,-4.79,1
-6.64,6.67,1
-36.95,12.08,1
-3.05,6.48,1
-56.27,26.57,1
-0.89,7.05,1
-66.41,-92.45,1
-0.8,3.4,1
-63.21,91.16,1
-1.8,1.2,1
-60.47,47.57,1
-4.88,0.61,1
-39.61,0.85,1
-4.23,-2.51,1
-5.35,2.69,1
-32.95,-3.45,1
-1.26,3.71,1
-47.83,-121.25,1
-1.16,4.63,1
-61.74,-160.06,1
-1.53,0.81,1
-44.05,45.82,1
-5.67,1.71,1
-12.3,8.87,1
-36.23,-0.12,1
-1.64,0.76,1
-73.29,-173.67,1
-1.18,1.13,1
-67.23,157.82,1
-0.22,2.4,1
-47.9,34.96,1
-2.18,-1.55,1
-27.34,6.79,1
-0.08,-4.18,1
-5.22,10.1,1
-38.83,-22.59,1
-0.06,3.96,1
-52.67,-156.92,1
-0.24,8.66,1
-60.33,-134.41,1
2.65,1.64,1
-4.52,11.55,1
-45.5,15.34,1
-3.05,4.35,1
-53.66,-151.5,1
1.76,5.77,1
-31.11,34.8,1
-14.08,-0.96,1
0.24,4.99,1
-66.13,-114.87,1
0.27,9.47,1
-32.57,6.41,1
-8.46,-3.68,1
1.53,5.58,1
-62.93,-151.31,1
-0.23,8.26,1
-79.85,24.09,1
1.84,2.92,1
-12.32,21.38,1
-11.08,3.35,1
-0.22,4.79,1
-57.31,-160.1,1
-0.07,6.68,1
-69.81,148.65,1
4.39,-4.57,1
-0.17,21.4,1
-39.6,-37.49,1
1.51,4.02,1
-41.26,-174.48,1
1.44,5.39,1
-51.5,68.92,1
2.75,-1.43,1
2.48,9.47,1
-45.47,-157.27,1
2.41,9.45,1
-38.68,-148.48,1
4.34,6.83,1
-29.82,33.66,1
3.13,-5.91,1
3.16,11.16,1
-45.68,-170.28,1
3.49,6.57,1
-45.01,-173.08,1
5.7,2.1,1
-9.41,37.32,1
-16.45,-9.15,1
4.33,7.64,1
-39.43,-161.12,1
6.81,1.96,1
-7.63,31.83,1
-15.3,-28.01,1
4.44,5.04,1
-46.08,-162.06,1
0.6,11.64,1
-64.74,-126.38,1
8.06,-4.51,1
4.48,30.96,1
-31.22,-81.62,1
3.45,-5.72,1
3.55,42.01,1
-18.05,-36.95,1
3.85,5.12,1
-0.12,27.97,1
-10.13,-29.96,1
4.9,0.06,1
5.06,29.47,1
-5.04,-24.2,1
2.98,8.22,1
2.48,27.71,1
-0.03,-18.39,1
0.09,17.59,1
-16.67,-20.17,1
3.11,1.78,1
5.16,15.07,1
-23.99,-24.25,1
3.38,10.62,1
-60.67,-119.76,1
0.82,8.98,1
-69.51,154.47,1
2.64,7.05,1
-26.0,44.98,1
-0.11,-3.59,1
0.71,8.45,1
-59.23,2.41,1
2.31,5.84,1
-51.83,-143.33,1
1.01,14.79,1
-73.93,82.95,1
2.45,3.81,1
-16.03,32.16,1
-4.3,-20.93,1
4.21,6.75,1
-72.34,-148.82,1
2.74,5.01,1
-56.42,-140.67,1
0.75,13.36,1
-49.57,-47.1,1
1.22,3.96,1
-25.5,35.94,1
-1.41,-3.05,1
-23.94,18.45,1
-11.69,-11.87,1
3.73,5.0,1
-70.34,-49.22,1
-1.91,6.36,1
-48.27,-76.86,1
-0.33,8.24,1
-46.42,30.02,1
1.18,-7.23,1
-3.99,21.76,1
-20.04,-18.6,1
3.04,5.77,1
-62.44,-52.4,1
0.99,8.4,1
-51.34,-102.32,1
0.1,6.54,1
-77.2,-126.93,1
1.66,5.94,1
-61.37,61.22,1
1.77,7.58,1
-11.97,-2.1,1
-4.54,-5.45,1
-0.05,16.47,1
-20.86,-53.61,1
3.81,7.98,1
-55.51,-95.02,1
3.35,7.96,1
-46.11,-150.88,1
2.32,17.11,1
-65.13,-109.71,1
0.67,1.19,1
-8.81,23.8,1
-7.69,-51.82,1
4.92,10.03,1
-42.74,-122.6,1
3.36,3.14,1
-62.53,179.1,1
3.23,8.32,1
-65.77,-18.68,1
2.51,5.68,1
0.68,9.95,1
-38.33,-63.11,1
2.96,9.45,1
-47.75,-112.4,1
3.63,9.97,1
-76.02,83.38,1
1.39,1.98,1
-65.13,5.68,1
9.2,-2.81,1
5.67,-11.75,1
7.29,-12.84,1
8.61,-4.35,1
-14.6,-22.98,1
5.82,3.37,1
-32.49,174.26,1
3.34,14.08,1
-36.29,-54.54,1
0.48,2.19,1
-4.31,10.93,1
-7.51,-11.58,1
-9.05,-3.97,1
-6.25,11.43,1
-34.14,-27.03,1
-0.21,7.13,1
-22.17,1.55,1
-3.26,-1.77,1
-8.19,15.85,1
-26.11,-16.86,1
-5.87,16.19,1
-47.5,-30.16,1
-1.82,16.45,1
-50.61,-44.44,1
-3.37,10.0,1
-23.94,-18.86,1
-8.97,5.21,1
-8.29,16.21,1
-32.42,-0.17,1
-4.09,12.27,1
-38.37,-28.65,1
-3.36,12.66,1
-16.24,-1.5,1
-11.58,4.79,1
-3.67,10.81,1
-46.01,-31.99,1
-2.16,14.37,1
-14.07,-4.05,1
-12.01,0.6,1
-2.89,3.53,1
-18.17,1.23,1
-2.6,7.8,1
-8.39,0.47,1
-19.34,-1.72,1
0.83,-0.37,1
4.15,3.09,1
-22.97,-6.01,1
-9.48,-8.07,1
5.11,1.58,1
-8.79,2.31,1
-39.08,-0.55,1
7.05,-0.4,1
2.44,3.63,1
-46.11,-5.66,1
-13.45,-2.29,1
6.23,3.05,1
-20.0,2.95,1
-42.34,8.07,1
8.03,-2.64,1
0.0,4.71,1
-34.84,-1.98,1
-4.74,1.21,1
4.77,0.62,1
-21.21,5.99,1
-35.48,5.88,1
14.32,3.16,1
-5.63,9.19,1
-43.45,-0.15,1
3.82,-5.89,1
1.65,4.08,1
-29.76,1.97,1
-20.64,5.71,1
3.96,-3.25,1
-17.43,10.25,1
-44.01,8.6,1
5.46,7.59,1
-8.6,16.71,1
-40.92,12.15,1
7.56,-20.66,1
-2.87,12.24,1
-33.77,7.51,1
-3.6,-0.85,1
2.37,5.56,1
-22.99,8.66,1
-15.91,11.06,1
4.72,0.68,1
-19.31,12.63,1
-35.97,9.93,1
1.21,1.24,1
-16.06,14.1,1
-42.44,9.11,1
2.41,6.97,1
-14.01,15.68,1
-41.41,2.31,1
10.11,7.59,1
-11.2,17.47,1
-52.82,11.53,1
26.43,18.0,1
-9.29,12.39,1
-43.53,14.08,1
4.97,1.85,1
-4.77,10.19,1
-48.04,16.17,1
-5.44,5.3,1
1.63,9.13,1
-36.02,14.04,1
-23.56,10.25,1
-0.96,1.06,1
-26.89,17.9,1
-32.36,15.94,1
4.15,-17.94,1
-19.82,22.49,1
-29.86,9.57,1
4.86,-6.65,1
-17.2,16.23,1
-12.94,7.92,1
6.86,17.14,1
2.64,20.54,1
-1.33,21.15,1
-0.93,31.08,1
3.2,31.36,1
6.24,35.88,1
3.48,31.3,1
6.05,27.19,1
6.0,32.69,1
2.49,41.75,1
2.48,44.29,1
4.17,59.64,1
3.94,46.04,1
5.72,54.68,1
6.37,56.15,1
3.04,70.96,1
2.32,67.88,1
14.34,-18.49,1
-2.08,63.24,1
18.03,2.21,1
1.53,61.54,1
8.2,8.67,1
4.67,59.37,1
4.27,49.89,1
8.27,61.99,1
5.07,67.31,1
4.39,71.09,1
-0.37,72.61,1
17.53,-37.63,1
1.46,58.33,1
9.6,13.96,1
4.95,51.49,1
4.4,29.87,1
2.52,48.64,1
8.5,17.71,1
4.2,57.18,1
18.86,-23.06,1
-0.92,63.22,1
19.36,-36.59,1
-0.15,65.98,1
-1.01,97.51,1
0.19,59.67,1
3.41,77.65,1
4.74,46.58,1
-0.45,64.7,1
4.84,49.71,1
21.47,77.81,1
-0.54,65.92,1
-29.38,-84.17,1
1.55,58.1,1
3.26,61.52,1
12.48,-13.31,1
6.46,56.01,1
13.45,-40.67,1
-0.69,62.89,1
0.68,61.07,1
1.99,52.94,1
2.62,63.87,1
-0.68,26.94,1
15.78,45.55,1
8.39,-30.96,1
5.57,51.26,1
9.16,45.0,1
-1.04,62.36,1
-2.08,65.53,1
-0.23,64.31,1
-4.14,68.84,1
7.14,58.1,1
0.35,71.49,1
5.31,50.43,1
-61.0,-84.45,1
8.94,36.08,1
18.79,58.3,1
16.9,3.26,1
5.27,50.71,1
16.47,-34.17,1
-1.15,64.04,1
7.39,-41.93,1
-2.24,66.9,1
26.05,-41.77,1
-3.33,63.27,1
16.65,51.07,1
0.82,56.67,1
16.81,45.0,1
2.92,54.66,1
-65.71,-49.17,1
5.19,4.61,1
1.75,53.54,1
11.52,-28.28,1
5.68,52.64,1
13.89,3.83,1
7.28,49.36,1
9.54,38.06,1
-49.49,-4.0,1
11.72,35.95,1
5.87,26.52,1
0.52,29.34,1
12.0,34.03,1
9.86,18.95,1
-14.37,8.37,1
17.0,16.53,1
4.34,-4.64,1
8.7,-7.9,1
15.95,3.87,1
5.89,-4.84,1
4.71,-9.66,1
17.09,-35.94,1
-3.4,-31.58,1
6.72,-36.33,1
6.95,-54.07,1
-22.65,-26.22,1
8.99,-64.17,1
5.35,-47.57,1
-30.69,-43.52,1
27.95,-45.0,1
-0.64,-48.92,1
-16.45,-50.63,1
-3.06,-60.63,1
-4.74,-39.12,1
-0.58,-57.89,1
8.23,-52.46,1
-12.22,-39.49,1
-9.44,-148.15,1
2.79,-49.89,1
-11.89,-48.21,1
0.61,-59.84,1
-3.16,-42.08,1
3.3,-56.66,1
6.61,-55.18,1
-12.76,-32.67,1
9.88,-59.57,1
2.52,-39.54,1
-1.94,-51.98,1
11.64,-32.48,1
1.88,-22.99,1
-4.61,-21.33,1
-4.36,-15.99,1
-5.84,-7.65,1
-14.07,-9.31,1
-10.82,3.05,1
-62.5,-6.45,1
-4.88,-10.42,1
-16.96,2.86,1
-54.83,-11.45,1
-17.0,3.92,1
-43.6,9.82,1
-36.22,2.67,1
-32.33,6.95,1
-47.25,10.69,1
-37.19,-2.64,1
-26.77,4.25,1
-72.37,0.89,1
5.71,45.0,1
-26.61,3.68,1
-82.63,16.07,1
-11.44,4.94,1
-30.12,5.48,1
-72.53,-12.46,1
-30.9,8.98,1
-34.71,1.95,1
-24.96,0.64,1
-13.22,9.23,1
-23.79,4.34,1
-12.3,1.3,1
9.03,-0.81,1
-1.64,8.53,1
20.14,15.1,1
5.71,6.24,1
13.98,23.05,1
36.51,9.79,1
31.05,-0.34,1
-1.4,14.89,1
55.89,3.79,1
16.75,-6.11,1
47.33,-31.79,1
42.62,-7.14,1
42.99,-2.21,1
70.16,19.65,1
37.36,-11.26,1
54.6,23.49,1
52.62,-4.94,1
33.56,-25.13,1
57.98,-22.9,1
25.1,-4.21,1
24.13,7.06,1
35.2,-3.75,1
-19.74,5.0,1
30.27,-9.8,1
28.09,-9.5,1
-33.91,-3.07,1
1.09,-10.14,1
15.01,0.17,1
-55.26,6.39,1
13.81,-10.5,1
-36.75,21.78,1
38.65,-4.31,1
8.39,6.65,1
-63.63,111.97,1
26.06,-2.64,1
-17.69,12.41,1
33.92,-3.86,1
10.32,6.55,1
-74.39,125.03,1
10.74,-105.88,1
4.37,8.33,1
-33.55,17.42,1
20.78,-0.22,1
-61.83,8.89,1
21.44,-1.44,1
8.51,6.83,1
-63.3,21.65,1
30.24,8.64,1
-7.0,9.8,1
13.42,-2.87,1
11.75,3.53,1
-55.48,17.77,1
22.84,-1.28,1
5.44,6.56,1
-57.47,11.59,1
19.37,-5.32,1
-12.59,15.01,1
19.99,-0.3,1
9.32,2.46,1
-72.74,28.23,1
-9.19,45.0,1
3.34,6.66,1
-26.13,-2.31,1
13.55,-3.68,1
-37.48,21.45,1
18.81,-2.39,1
6.82,3.18,1
-67.99,23.09,1
45.84,-17.56,1
-0.57,9.87,1
-11.57,-8.26,1
11.1,-2.61,1
-55.79,35.85,1
19.88,-0.1,1
3.77,7.16,1
-68.99,38.29,1
25.96,9.34,1
-22.32,14.77,1
8.38,0.61,1
13.61,6.39,1
-37.05,-16.04,1
11.38,1.52,1
14.1,7.24,1
-74.74,-7.2,1
18.42,-1.28,1
0.55,4.14,1
-35.73,12.04,1
19.41,-1.31,1
-52.41,25.73,1
5.29,1.7,1
16.22,2.87,1
-60.58,12.1,1
20.12,-0.74,1
11.07,3.61,1
-69.84,1.91,1
19.89,-3.3,1
-0.8,9.35,1
-25.49,-0.98,1
17.63,-1.76,1
-20.45,8.3,1
6.81,-2.28,1
16.59,1.52,1
-46.02,4.31,1
27.21,1.62,1
17.5,5.2,1
-61.85,-3.89,1
26.25,1.7,1
10.33,10.23,1
-54.64,-9.42,1
19.01,-0.51,1
-2.57,9.16,1
-58.14,0.61,1
16.37,1.88,1
-17.33,6.86,1
13.93,3.93,1
15.48,3.7,1
-72.18,-57.51,1
31.56,4.17,1
15.32,9.4,1
-48.81,2.83,1
22.28,1.0,1
5.35,3.5,1
-51.86,-9.9,1
23.08,3.35,1
6.77,7.26,1
-61.75,-20.38,1
14.1,0.32,1
-7.63,2.43,1
-32.5,-26.57,1
16.25,2.49,1
-47.99,-6.32,1
35.02,4.02,1
11.47,7.31,1
-23.83,0.44,1
14.77,-1.67,1
-20.49,1.88,1
33.56,4.28,1
12.42,6.16,1
-63.21,-2.18,1
20.47,5.37,1
4.71,6.09,1
-56.73,-15.53,1
16.87,2.63,1
-46.36,6.66,1
30.53,2.53,1
11.46,6.85,1
-69.15,-8.95,1
20.35,2.74,1
-0.58,8.79,1
-81.13,-93.09,1
14.56,2.31,1
-16.85,7.93,1
27.26,-6.02,1
17.89,2.39,1
-39.91,11.73,1
38.61,-1.77,1
14.01,7.91,1
-12.82,3.95,1
1.51,0.72,1
13.47,9.53,1
-11.6,0.75,1
25.06,3.74,1
17.41,5.76,1
-69.52,-3.76,1
27.07,6.21,1
7.9,11.52,1
-74.77,62.35,1
16.86,0.46,1
-4.58,4.93,1
44.64,4.27,1
12.75,1.88,1
-32.06,-2.2,1
33.16,5.1,1
11.69,9.65,1
-74.85,-170.63,1
32.79,-21.91,1
6.71,9.19,1
-81.17,112.42,1
41.67,8.57,1
0.81,4.6,1
-85.47,-109.71,1
11.04,-2.16,1
-14.64,8.88,1
34.15,-5.91,1
12.74,7.63,1
-61.3,3.38,1
29.89,2.43,1
8.5,7.07,1
-79.38,-10.67,1
-27.77,-124.23,1
6.41,6.48,1
-76.6,-75.74,1
25.06,2.76,1
-2.22,4.75,1
21.09,0.54,1
12.42,4.94,1
-23.66,2.0,1
33.43,-3.91,1
12.26,2.95,1
-75.51,7.59,1
-25.16,-135.0,1
9.04,5.29,1
-76.43,-158.14,1
26.78,7.95,1
4.19,6.4,1
-66.96,-1.51,1
15.85,3.85,1
-13.9,10.76,1
24.96,-8.89,1
11.39,10.81,1
-66.65,8.78,1
-0.72,-135.0,1
9.22,5.37,1
-82.03,92.36,1
24.11,4.99,1
1.31,6.02,1
-24.14,0.82,1
17.8,5.79,1
-13.64,15.01,1
24.29,-1.94,1
11.63,6.16,1
-73.1,-26.57,1
-17.37,-135.0,1
7.43,5.12,1
-79.83,-26.18,1
13.82,-6.1,1
-5.66,8.31,1
4.72,4.0,1
12.81,9.01,1
-44.61,18.01,1
33.56,-0.04,1
11.31,5.63,1
-81.39,116.27,1
17.47,18.19,1
4.79,3.61,1
-72.3,140.8,1
10.9,1.25,1
-20.05,15.89,1
25.41,-3.63,1
8.71,5.84,1
-77.39,46.48,1
3.11,-115.46,1
5.92,3.77,1
-60.59,150.81,1
13.1,0.37,1
-4.01,4.93,1
10.55,-2.05,1
10.23,2.02,1
-36.37,25.0,1
24.46,-0.95,1
9.39,3.81,1
-68.46,13.95,1
25.04,1.75,1
5.46,6.61,1
-78.44,71.1,1
23.87,-12.12,1
-11.48,11.38,1
18.07,-6.8,1
10.72,9.55,1
-54.31,6.11,1
-35.26,45.0,1
6.43,7.63,1
-79.6,-156.98,1
15.09,-10.23,1
-4.76,11.66,1
37.84,-2.75,1
7.15,3.08,1
-72.72,36.53,1
26.34,2.2,1
7.09,5.75,1
-77.12,156.07,1
-17.16,-135.0,1
-1.29,10.28,1
-36.54,-46.29,1
11.14,-0.51,1
-40.5,-15.37,1
28.74,-7.14,1
9.77,7.44,1
-73.72,179.55,1
65.47,-74.19,1
6.44,3.25,1
-32.41,-27.59,1
28.12,-43.64,1
-9.52,-14.24,1
-1.25,-30.93,1
10.96,-28.79,1
-21.22,-9.18,1
15.11,-14.34,1
10.73,-8.42,1
-24.02,-23.56,1
17.73,11.04,1
8.49,11.53,1
-35.37,19.83,1
24.61,26.84,1
2.41,21.01,1
-14.82,40.76,1
14.46,26.26,1
-6.27,29.76,1
13.23,32.4,1
6.96,23.72,1
-66.09,34.25,1
11.25,21.37,1
-4.69,22.8,1
-14.97,42.9,1
10.18,31.38,1
-43.82,31.34,1
22.04,32.1,1
5.14,26.9,1
-83.38,101.92,1
14.91,19.98,1
-1.07,21.72,1
-7.87,50.01,1
7.9,26.0,1
-36.19,25.75,1
23.48,27.42,1
4.57,20.84,1
-70.42,113.4,1
8.01,24.52,1
-17.77,23.7,1
23.58,29.18,1
6.91,27.37,1
-75.46,20.06,1
21.81,24.53,1
0.12,22.67,1
-22.64,43.82,1
7.48,26.89,1
-32.82,19.3,1
33.66,20.4,1
3.92,21.55,1
-79.69,162.93,1
8.5,23.14,1
-19.14,27.24,1
35.26,45.0,1
5.71,23.86,1
-84.6,30.69,1
14.05,18.37,1
-2.68,18.75,1
33.82,35.6,1
6.93,23.77,1
-80.28,59.08,1
31.56,29.03,1
0.16,17.24,1
8.71,41.58,1
7.78,24.32,1
-61.0,24.43,1
33.0,36.44,1
2.83,17.87,1
-69.3,84.39,1
7.74,21.04,1
-20.19,14.14,1
-16.71,-86.23,1
2.99,20.01,1
-51.73,93.9,1
5.33,25.75,1
-29.66,21.96,1
-18.52,-87.6,1
4.33,19.22,1
-74.87,152.97,1
8.92,18.3,1
-7.5,21.27,1
30.82,21.16,1
7.47,15.19,1
-63.58,7.64,1
14.37,-2.35,1
-0.6,12.51,1
41.16,8.85,1
9.91,2.6,1
-58.16,3.4,1
23.02,18.31,1
1.97,4.44,1
-18.63,-2.03,1
11.76,0.32,1
-13.17,13.56,1
35.75,-43.95,1
6.17,5.94,1
-43.22,9.25,1
18.65,1.86,1
-1.67,11.45,1
22.09,-15.56,1
9.83,-7.42,1
-25.89,-0.39,1
16.3,-31.91,1
0.52,-3.95,1
-19.39,-30.97,1
10.26,-33.44,1
-22.1,10.45,1
13.24,-31.45,1
6.36,-21.3,1
-61.28,-27.12,1
12.37,-28.89,1
-7.33,-3.58,1
0.93,-25.89,1
8.06,-25.41,1
-61.84,11.97,1
31.58,-30.35,1
2.0,-4.36,1
-4.67,-42.82,1
8.41,-19.06,1
-54.56,22.26,1
12.61,7.85,1
4.38,-5.76,1
-55.08,-70.19,1
1.9,-31.92,1
-24.08,3.33,1
16.35,-29.2,1
7.29,-21.43,1
-76.48,-30.25,1
11.54,-42.75,1
-14.56,4.13,1
1.19,-36.58,1
6.84,-33.05,1
-57.5,-8.58,1
15.43,-52.85,1
-1.29,-11.95,1
-7.29,-27.4,1
6.6,-36.44,1
-26.18,-2.52,1
9.32,-34.54,1
-0.07,-6.6,1
-26.61,-28.84,1
7.53,-34.45,1
-23.13,8.19,1
24.85,-29.73,1
3.84,-15.75,1
-44.38,-41.7,1
3.18,-39.48,1
-21.71,1.4,1
15.87,-31.74,1
4.87,-19.96,1
-39.97,-36.85,1
-1.04,-38.15,1
-10.73,-3.95,1
15.38,-37.99,1
5.87,-25.43,1
-39.62,-25.24,1
11.66,-36.95,1
-4.42,-7.77,1
7.64,-39.92,1
7.6,-28.6,1
-47.15,-12.31,1
-2.91,-50.13,1
-9.53,-4.29,1
12.54,-40.95,1
5.38,-26.95,1
-51.0,-30.03,1
7.29,-35.41,1
-1.49,-7.43,1
-5.98,-6.83,1
8.18,19.41,1
-13.86,6.04,1
32.02,44.14,1
0.23,29.02,1
-26.37,56.01,1
6.55,39.68,1
-19.17,18.67,1
-29.08,-90.58,1
4.96,43.55,1
-78.55,4.23,1
8.53,42.92,1
-17.66,32.98,1
31.38,42.67,1
3.94,37.23,1
-81.51,18.43,1
4.88,40.19,1
-13.4,23.07,1
35.26,45.0,1
6.3,34.43,1
-80.86,45.21,1
8.29,34.03,1
-11.13,27.09,1
7.89,8.28,1
9.49,23.16,1
-28.39,-14.71,1
18.31,6.45,1
-5.7,6.47,1
-35.26,45.0,1
12.33,2.83,1
-37.49,2.25,1
17.5,1.9,1
-1.77,5.31,1
38.56,4.33,1
13.22,5.81,1
-46.47,11.65,1
29.13,-0.96,1
-1.84,8.34,1
26.47,0.87,1
14.09,-0.56,1
-21.76,6.55,1
24.01,-6.02,1
0.95,2.85,1
18.49,-23.28,1
11.02,-11.81,1
-49.43,2.82,1
17.86,-15.34,1
0.22,-2.72,1
1.9,-23.66,1
11.59,-29.91,1
-35.07,-1.49,1
26.14,-27.09,1
4.75,-14.39,1
-36.46,-50.29,1
5.83,-34.2,1
-25.53,7.64,1
44.01,-26.09,1
3.92,-13.0,1
-31.72,-52.56,1
7.13,-31.7,1
-24.51,10.61,1
23.14,-15.54,1
4.66,-16.66,1
-45.27,-28.86,1
6.05,-35.42,1
-28.37,16.87,1
34.89,-5.06,1
3.34,-9.87,1
-6.04,-56.03,1
6.78,-29.72,1
-49.88,29.24,1
12.62,-55.01,1
-1.81,-0.01,1
16.62,-45.1,1
7.41,-21.66,1
-62.0,14.62,1
8.96,-24.74,1
-12.06,15.52,1
32.75,-45.0,1
6.43,-12.63,1
-62.92,-64.32,1
5.46,-25.77,1
-31.21,14.05,1
19.98,-40.51,1
-0.63,-0.63,1
30.65,-6.08,1
9.82,2.47,1
-48.91,9.1,1
13.63,9.91,1
-5.41,8.14,1
21.19,29.33,1
7.51,22.41,1
-26.67,12.66,1
12.74,28.8,1
-17.38,21.13,1
39.95,33.1,1
4.5,29.96,1
-67.74,63.69,1
1.12,36.83,1
-41.16,34.78,1
38.62,45.05,1
-1.75,35.73,1
5.39,32.54,1
1.91,42.17,1
-47.35,20.33,1
8.93,37.99,1
-4.85,29.06,1
31.34,19.43,1
6.53,19.45,1
-40.6,-10.2,1
29.98,-4.76,1
-5.05,4.28,1
-8.79,41.16,1
7.41,-1.87,1
-82.72,-128.08,1
15.13,5.93,1
-1.25,3.29,1
31.89,-20.44,1
7.96,-10.01,1
-52.87,70.91,1
23.09,-36.62,1
-3.23,2.43,1
19.55,-21.25,1
7.2,-14.23,1
-59.72,58.79,1
18.29,-34.28,1
-0.3,4.91,1
17.22,-32.95,1
6.9,-12.84,1
-62.59,82.0,1
16.13,-21.45,1
-6.82,3.0,1
18.9,-24.78,1
7.38,-16.92,1
-61.15,64.63,1
12.06,-11.47,1
-3.88,2.11,1
24.87,-33.19,1
5.35,-11.96,1
-67.45,96.35,1
15.17,-8.35,1
-13.61,17.21,1
30.24,-23.76,1
5.05,-0.85,1
-64.75,-157.57,1
6.82,-11.74,1
-58.55,90.65,1
46.44,-40.86,1
-1.45,10.32,1
27.58,-21.65,1
6.91,0.52,1
-83.59,88.39,1
14.68,-8.2,1
-19.57,16.79,1
14.21,-45.56,1
5.88,5.48,1
-77.59,4.76,1
18.49,-10.49,1
-55.67,56.48,1
57.75,15.42,1
0.65,8.17,1
30.84,-21.7,1
5.67,1.77,1
-73.55,146.43,1
9.16,2.66,1
-21.98,18.62,1
21.56,-3.86,1
3.95,6.06,1
-52.63,-27.23,1
7.77,-2.99,1
-30.31,11.89,1
43.92,15.61,1
5.07,3.7,1
-4.05,-9.64,1
8.81,-2.38,1
-60.55,37.55,1
43.5,-24.26,1
2.79,3.83,1
11.75,-8.89,1
7.57,0.89,1
-59.63,6.38,1
6.67,-3.37,1
-29.69,17.54,1
-10.53,8.26,1
4.7,5.19,1
-9.32,-3.47,1
7.87,-1.91,1
-66.63,34.49,1
14.55,-3.71,1
2.66,7.8,1
2.59,10.34,1
8.34,23.66,1
-42.29,32.8,1
7.22,31.81,1
-11.89,40.99,1
35.26,45.0,1
1.69,33.44,1
-31.54,39.37,1
3.0,46.75,1
-46.43,30.9,1
7.69,32.01,1
-8.69,23.96,1
18.93,42.68,1
3.89,36.7,1
-61.03,-22.58,1
8.34,40.99,1
-28.13,14.55,1
-8.01,-73.76,1
7.48,3.97,1
-75.27,-175.78,1
13.71,-5.08,1
-15.42,5.91,1
10.65,5.15,1
0.74,-4.86,1
15.31,-59.85,1
4.19,-18.44,1
-78.99,27.1,1
10.41,-23.54,1
-3.52,10.79,1
44.21,-52.47,1
5.5,-4.01,1
-52.38,168.87,1
15.38,7.72,1
-78.7,102.35,1
17.5,0.87,1
-5.92,6.62,1
-48.26,164.76,1
17.08,-1.29,1
-58.89,149.28,1
15.82,-3.11,1
3.18,5.11,1
-27.58,6.68,1
18.73,2.2,1
-14.5,5.56,1
38.23,-10.92,1
4.33,1.79,1
-30.85,30.86,1
11.54,1.69,1
-58.03,22.8,1
35.26,45.0,1
1.47,3.58,1
11.32,-15.92,1
4.94,2.0,1
-75.16,137.21,1
4.59,1.21,1
-12.87,13.94,1
29.89,-4.35,1
1.92,8.55,1
-71.9,-86.54,1
7.35,-5.06,1
-51.89,23.21,1
23.62,-1.09,1
0.92,7.95,1
-3.18,-3.85,1
8.32,-0.77,1
-72.91,82.72,1
59.81,-30.72,1
-8.35,16.17,1
28.48,-13.41,1
5.41,5.06,1
-55.37,-169.47,1
7.96,-8.25,1
-61.44,71.07,1
9.56,-113.64,1
1.42,16.99,1
30.43,-47.2,1
5.32,7.32,1
-73.76,136.36,1
-5.61,1.55,1
-18.51,47.1,1
22.3,-22.49,1
4.51,6.97,1
-70.63,50.42,1
23.47,-24.75,1
-5.81,33.69,1
9.99,-16.08,1
8.1,8.43,1
-63.14,96.22,1
53.46,-36.22,1
-8.89,38.59,1
27.98,-34.06,1
-1.31,12.45,1
5.42,-22.54,1
14.39,-10.57,1
11.08,-10.77,1
-0.02,-1.12,1
12.44,-0.39,1
8.06,-1.82,1
4.18,-5.16,1
-2.0,21.5,1
-0.11,-2.2,1
-2.37,-8.17,1
-2.83,4.62,1
-7.04,18.87,1
10.92,-19.5,1
3.83,-7.3,1
8.65,8.17,1
-1.15,10.36,1
-3.3,-17.79,1
0.48,4.36,1
2.97,-6.59,1
-1.33,-13.33,1
10.57,32.92,1
19.3,-5.77,1
8.72,-9.55,1
-6.18,-35.85,1
4.68,18.25,1
11.87,-8.85,1
1.17,-11.55,1
6.12,4.36,1
12.71,4.69,1
4.89,-20.15,1
5.54,9.35,1
13.08,12.71,1
13.33,-23.69,1
6.96,-0.53,1
10.18,11.23,1
7.62,-27.98,1
-4.59,18.62,1
11.0,4.93,1
5.05,-16.21,1
10.57,21.12,1
18.87,-1.93,1
-35.5,-15.25,1
26.8,6.62,1
8.84,-2.02,1
-38.07,5.51,1
20.12,-2.86,1
0.05,3.1,1
48.04,-13.91,1
10.01,4.46,1
-73.25,51.12,1
-20.67,-100.38,1
-2.3,5.49,1
61.46,-4.96,1
3.7,1.32,1
-65.77,137.05,1
18.05,-10.33,1
-28.81,23.48,1
38.7,-5.43,1
1.97,3.68,1
-78.92,-107.3,1
8.09,-7.55,1
-39.48,22.69,1
37.58,39.69,1
-0.71,10.22,1
28.88,-11.15,1
8.01,3.91,1
-70.16,114.42,1
12.8,-8.56,1
-36.23,22.67,1
32.45,-3.06,1
3.79,3.97,1
-73.75,52.57,1
6.16,-0.46,1
-60.61,72.47,1
51.3,-22.89,1
-23.29,23.93,1
29.41,-8.6,1
4.85,6.78,1
-76.34,56.67,1
13.67,-12.15,1
-37.22,25.31,1
31.12,-0.37,1
0.75,6.78,1
19.65,-51.91,1
5.01,-1.63,1
-63.2,91.52,1
5.62,45.0,1
-18.33,16.85,1
22.5,8.79,1
8.5,13.08,1
-52.4,23.98,1
19.66,7.14,1
-24.61,24.45,1
25.14,22.78,1
3.35,22.28,1
-13.66,69.39,1
6.55,18.72,1
-68.41,64.33,1
30.62,18.91,1
-4.16,16.12,1
18.68,22.92,1
7.28,16.59,1
-75.73,125.59,1
16.09,8.59,1
-24.74,21.75,1
31.54,24.35,1
6.0,15.75,1
-68.53,135.78,1
10.17,8.58,1
-30.57,11.66,1
26.82,-1.74,1
1.86,6.43,1
-40.41,-2.6,1
8.79,-19.59,1
-20.41,8.54,1
3.04,27.24,1
4.56,-4.94,1
-60.85,96.64,1
5.23,-13.06,1
-61.88,75.76,1
54.05,-20.02,1
0.95,1.33,1
6.69,50.44,1
8.21,-2.07,1
-63.25,110.37,1
25.14,2.89,1
-8.41,5.45,1
25.82,13.5,1
10.01,3.24,1
-67.69,50.09,1
15.27,-14.68,1
-12.18,10.85,1
33.29,-7.38,1
4.65,3.75,1
-0.75,7.16,1
6.36,-1.95,1
3.25,1.13,1
-4.43,-4.46,1
1.13,4.02,1
1.15,3.24,1
1.26,3.22,1
1.25,3.2,1
1.36,3.53,1
1.13,2.17,1
2.37,3.18,1
1.24,3.23,1
